Town,Area,Total number of care centers,Total number of first aid centers,Existence of nearby care centers - exists,Existence of health resources - exists,Existence of a first aid center - exists,Existence of special needs care centers - exists,Existence of special needs care centers - does not exist,Type and size of medical resources - Pharmacies,Type and size of medical resources - Medical Centers,Type and size of medical resources - Hospitals,Type and size of medical resources - Clinics,Type and size of medical resources - Labs and Radiology,Percentage of towns with special needs indiciduals - Without special needs,Percentage of towns with special needs indiciduals - With special needs
 Bireh,Mount Lebanon Governorate,0,1,0,0,1,0,1,0,0,0,0,0,0,1
A'ain El-Mir (El Establ),South Governorate,0,0,0,0,0,0,0,0,0,0,0,0,0,0
AAridet Cheikh Zennad,Akkar Governorate,0,0,0,0,0,0,1,0,0,0,0,0,0,1
Aaba,North Governorate,0,0,1,0,0,0,1,0,0,0,0,0,0,1
Aabadiyeh,Baabda District,0,0,0,1,0,0,1,0,0,0,1,0,0,1
Aabaydat,Byblos District,0,0,0,0,0,0,1,0,0,0,0,0,0,1
Aabba,Nabatieh Governorate,0,0,0,0,0,0,0,0,0,0,0,0,0,0
Aabbesiyyi,Tyre District,1,2,1,1,1,1,0,25,5,3,3,4,0,1
Aabdine,Bsharri District,0,1,0,0,1,0,1,0,0,0,0,0,0,1
Aabra Saida,Sidon District,1,0,1,0,0,0,1,0,0,0,0,0,0,1
Aabrine,Batroun District,1,1,1,0,1,0,1,0,0,0,0,0,0,1
Aachach,Zgharta District,2,1,1,0,1,0,1,0,0,0,0,0,0,1
Aachqout,Keserwan District,0,0,0,0,0,0,0,0,0,0,0,0,0,0
Aadaysseh Marjaayoun,Marjeyoun District,1,1,1,1,1,1,0,3,0,0,2,0,0,1
Aadchit Ech-Chqif,Nabatieh Governorate,0,0,0,0,0,0,0,0,0,0,0,0,0,0
Aadchit El-Qoussair,Marjeyoun District,2,1,1,0,1,0,1,0,0,0,0,0,0,1
Aadloun,Sidon District,0,0,0,0,0,0,0,0,0,0,0,0,0,0
Aadoussiyeh,Sidon District,1,2,1,0,1,0,1,0,0,0,0,0,0,1
Aafsdiq,North Governorate,0,0,0,0,0,0,1,0,0,0,0,0,0,1
Aain Aanoub,Aley District,0,2,0,1,1,0,1,1,0,0,1,0,0,1
Aain Aarab Rachaya,Beqaa Governorate,1,2,1,0,1,0,1,0,0,0,0,0,0,1
Aain Aata,Beqaa Governorate,0,0,0,0,0,0,1,0,0,0,0,0,0,1
Aain Dara,Aley District,0,0,0,0,0,0,0,0,0,0,0,0,0,0
Aain Drafil,Aley District,1,1,1,1,1,0,1,1,0,0,1,0,0,1
Aain Ed-Delb,Sidon District,2,1,1,0,1,0,1,0,0,0,0,0,0,1
Aain Ed-Delbe,Byblos District,0,0,0,0,0,0,1,0,0,0,0,0,0,1
Aain Ej-Jdideh Aaley,Aley District,0,0,0,0,0,0,1,0,0,0,0,0,0,1
Aain El Saydeh,Aley District,2,3,1,0,1,0,1,0,0,0,0,0,1,0
Aain El-Ghouaybeh,Byblos District,0,0,0,0,0,0,1,0,0,0,0,0,0,1
Aain El-Kharroubeh,Matn District,2,0,1,0,0,0,1,0,0,0,0,0,0,1
Aain El-Qabu,Matn District,0,0,0,0,0,0,1,0,0,0,0,0,1,0
Aain Er-Rihane,Keserwan District,0,0,0,0,0,0,0,0,0,0,0,0,0,0
Aain Er-Roummaneh Aaley,Aley District,0,2,0,0,1,0,1,0,0,0,0,0,1,0
Aain Es-Sindiane,Matn District,1,1,1,1,1,0,1,2,2,0,2,0,0,1
Aain Et-Teffaha,Matn District,0,0,0,0,0,0,1,0,0,0,0,0,0,1
Aain Et-Tineh-Miniyeh,MiniyehâDanniyeh District,0,0,0,0,0,0,1,0,0,0,0,0,0,1
Aain Ez-Zeit,Akkar Governorate,0,1,0,0,1,0,1,0,0,0,0,0,0,1
Aain Ez-Zeitouneh,Matn District,1,1,1,0,1,0,1,0,0,0,0,0,0,1
Aain Fraidis,Aley District,0,0,0,0,0,0,1,0,0,0,0,0,1,0
Aain Harsha,Beqaa Governorate,0,2,0,0,1,0,1,0,0,0,0,0,0,1
Aain Ibl,Bint Jbeil District,1,2,1,1,1,0,1,15,2,2,1,5,0,1
Aain Jarfa,Hasbaya District,0,0,0,1,0,0,1,0,0,0,1,0,0,1
Aain Jrain,Byblos District,0,0,0,0,0,0,1,0,0,0,0,0,0,1
Aain Kfaa,Byblos District,0,0,0,0,0,0,1,0,0,0,0,0,1,0
Aain Kfar Zabad,ZahlÃ© District,0,0,0,1,0,0,1,0,0,0,1,0,0,1
Aain Ksour,Aley District,1,1,1,0,1,0,1,0,0,0,0,0,0,1
Aain Mouaffaq,Baabda District,0,0,0,0,0,0,1,0,0,0,0,0,0,1
Aain Ouzain,Mount Lebanon Governorate,0,0,0,1,1,1,0,2,0,1,1,0,0,1
Aain Qana,Nabatieh Governorate,0,0,0,0,0,0,0,0,0,0,0,0,0,0
Aain Qania,Mount Lebanon Governorate,0,0,0,0,0,0,1,0,0,0,0,0,0,1
Aain Qinia,Hasbaya District,4,0,1,1,0,0,1,2,0,0,1,0,0,1
Aain Saadeh,Matn District,0,0,1,0,0,0,1,0,0,0,0,0,0,1
Aain Tinta,Akkar Governorate,0,0,0,0,0,0,1,0,0,0,0,0,0,1
Aain Traz,Aley District,0,0,0,0,0,0,1,0,0,0,0,0,1,0
Aain Yaaqoub,Akkar Governorate,0,1,0,0,1,0,1,0,0,0,0,0,0,1
Aain Zebdeh,Western Beqaa District,1,1,1,0,1,0,1,0,0,0,0,0,0,1
Aain Zhalta,Mount Lebanon Governorate,1,0,1,0,0,0,1,0,0,0,0,0,0,1
Aain challal,Byblos District,0,0,0,0,0,0,1,0,0,0,0,0,1,0
Aainbal,Mount Lebanon Governorate,0,0,0,0,0,0,0,0,0,0,0,0,0,0
Aaita Ej-Jabal,Bint Jbeil District,1,1,1,1,1,0,1,0,0,0,1,0,0,1
Aaiyat,Akkar Governorate,0,0,0,0,0,0,1,0,0,0,0,0,0,1
Aajaltoun,Keserwan District,0,0,0,0,0,0,0,0,0,0,0,0,0,0
Aakkar El-Aatiqa,Akkar Governorate,1,0,1,1,0,0,1,0,1,0,1,0,0,1
Aaley,Aley District,1,1,1,0,1,1,0,0,0,0,0,0,0,1
Aaley Bsatine,Aley District,0,1,0,1,1,0,1,1,1,0,0,0,0,1
Aali En-Nahri,ZahlÃ© District,0,1,0,0,1,0,1,0,0,0,0,0,0,1
Aalma,Zgharta District,0,0,0,0,0,0,1,0,0,0,0,0,0,1
Aalma Ech-Chaab,Tyre District,0,0,0,0,0,0,1,0,0,0,0,0,0,1
Aalman,Marjeyoun District,0,1,0,0,1,0,1,0,0,0,0,0,1,0
Aalmane Ech-Chouf,Mount Lebanon Governorate,0,0,0,1,0,1,0,1,0,0,0,0,0,1
Aamaret El-Baykat,Akkar Governorate,0,0,0,1,0,0,1,0,0,0,1,0,0,1
Aamayer,Akkar Governorate,0,0,0,1,0,0,1,2,0,0,2,1,0,1
Aamchit,Byblos District,0,0,0,1,0,0,1,12,0,1,3,0,0,1
Aammatour,Mount Lebanon Governorate,0,0,0,1,0,0,1,0,0,0,1,0,0,1
Aammiq Ech-Chouf,Western Beqaa District,0,0,0,0,0,0,1,0,0,0,0,0,0,1
Aana,Western Beqaa District,0,1,0,0,1,0,1,0,0,0,0,0,0,1
Aandqet,Akkar Governorate,0,0,0,1,0,0,1,3,0,0,2,0,0,1
Aanjar (Haouch Moussa),ZahlÃ© District,0,0,0,1,0,0,1,4,0,0,2,0,0,1
Aanout,Mount Lebanon Governorate,0,1,0,0,1,0,1,0,0,0,0,0,0,1
Aanqoun,Sidon District,1,1,1,0,1,0,1,0,0,0,0,0,0,1
Aaouaainat Aakkar,Akkar Governorate,0,0,0,0,0,0,1,0,0,0,0,0,0,1
Aaqabet Rachaya,Beqaa Governorate,2,4,1,1,1,1,0,0,0,1,0,0,0,1
Aaqaibeh Kesrouane,Keserwan District,1,1,1,1,1,0,1,6,0,0,1,0,0,1
Aaqtanit,Sidon District,2,1,1,0,1,0,1,0,0,0,0,0,0,1
Aarab Ej-Jall,Sidon District,0,0,0,0,0,0,0,0,0,0,0,0,0,0
Aarab Salim,Nabatieh Governorate,0,2,0,0,1,0,1,0,0,0,0,0,0,1
Aarab Tabbaya,Sidon District,2,2,1,0,1,0,1,0,0,0,0,0,0,1
Aaraiya,Baabda District,0,2,0,1,1,0,1,1,2,0,0,0,0,1
Aaramoun Kesrouane,Aley District,1,1,1,0,1,0,1,0,0,0,0,0,0,1
Aaramta,South Governorate,0,0,0,1,0,0,1,0,0,0,1,0,0,1
Aaray,South Governorate,0,0,0,0,0,0,1,0,0,0,0,0,0,1
Aarbaniyeh,Baabda District,0,0,0,0,0,0,0,0,0,0,0,0,0,0
Aarbet Qozhaiya,Zgharta District,0,0,0,1,0,0,1,0,0,0,1,0,0,1
Aarjis,Zgharta District,0,0,0,0,0,0,1,0,0,0,0,0,0,1
Aarqa,Akkar Governorate,0,0,0,0,0,0,1,0,0,0,0,0,0,1
Aarsal,Baalbek-Hermel Governorate,0,0,0,1,1,0,1,13,0,1,0,2,0,1
Aassoun,MiniyehâDanniyeh District,1,1,1,1,1,0,1,2,0,1,0,0,0,1
Aatchaneh,Matn District,0,1,0,0,1,0,1,0,0,0,0,0,0,1
Aathrine,Mount Lebanon Governorate,0,1,0,1,1,0,1,0,0,0,1,0,0,1
Aaychiyeh,South Governorate,0,3,0,0,1,0,1,0,0,0,0,0,0,1
Aayha,Beqaa Governorate,1,1,1,0,1,1,0,0,0,0,0,0,0,1
Aaymar,MiniyehâDanniyeh District,0,1,0,0,1,0,1,0,0,0,0,0,0,1
Aaynab,Aley District,0,0,0,0,0,0,0,0,0,0,0,0,0,0
Aaynata Baalbek,Baalbek-Hermel Governorate,2,1,1,0,1,0,1,0,0,0,0,0,0,1
Aaynata Bent Jbeil,Bint Jbeil District,0,1,0,1,1,0,1,2,0,0,1,0,0,1
Aayoun Aakkar,Akkar Governorate,0,0,0,1,0,0,1,1,0,0,0,0,0,1
Aayoun El-Ghizlane,Akkar Governorate,0,1,0,1,1,0,1,1,0,0,0,0,0,1
Aayoun El-Matn,Matn District,0,1,0,0,1,0,1,0,0,0,0,0,1,0
Aayroun,Matn District,1,0,1,0,0,0,1,0,0,0,0,0,0,1
Aayta Ech-Chaab,Bint Jbeil District,0,1,0,1,1,1,0,5,3,0,3,0,0,1
Aayta El-Foukhar,Beqaa Governorate,0,0,0,0,0,0,1,0,0,0,0,0,0,1
Aaytanit,Western Beqaa District,0,2,0,1,1,0,1,15,1,4,3,2,0,1
Aaytat,Aley District,4,4,1,1,1,0,1,2,0,0,0,0,0,1
Aaytit,Tyre District,0,0,0,1,0,0,1,0,1,0,1,0,0,1
Aazour,South Governorate,1,1,1,0,1,0,1,0,0,0,0,0,0,1
Aazqai,MiniyehâDanniyeh District,0,0,0,0,0,0,1,0,0,0,0,0,0,1
Aazra ouel Aazr,Keserwan District,0,0,0,1,0,0,1,0,0,0,2,0,0,1
Aazzi,Nabatieh Governorate,0,0,0,0,0,0,0,0,0,0,0,0,0,0
Ablah,ZahlÃ© District,0,1,0,0,1,0,1,0,0,0,0,0,0,1
Abou Mizan,Matn District,0,0,0,0,0,0,0,0,0,0,0,0,0,0
Abou Qamha,Hasbaya District,1,1,1,1,1,1,0,20,0,2,5,5,0,1
Adma Oua Dafine,Keserwan District,0,0,0,0,0,0,0,0,0,0,0,0,0,0
Adonis,Byblos District,0,0,0,0,0,0,0,0,0,0,0,0,0,0
Afqa Jbeil,Byblos District,0,0,0,0,0,0,1,0,0,0,0,0,0,1
Ain Aakrine,North Governorate,0,0,0,0,0,0,1,0,0,0,0,0,0,1
Aintoura El-Matn,Matn District,0,0,0,0,0,0,0,0,0,0,0,0,0,0
Aintoura Kesrouane,Keserwan District,1,0,1,1,0,1,0,1,0,0,1,0,0,1
Aintourine,Zgharta District,0,1,0,0,1,0,1,0,0,0,0,0,0,1
Aitaroun,Bint Jbeil District,0,0,0,0,0,0,0,0,0,0,0,0,0,0
Alaq,Baalbek-Hermel Governorate,0,0,0,1,0,0,1,3,0,0,2,0,0,1
Almat,Byblos District,0,0,0,1,0,0,1,0,0,0,1,0,0,1
Amara,Akkar Governorate,0,0,0,0,0,0,1,0,0,0,0,0,0,1
Amioun,North Governorate,0,1,0,1,1,0,1,7,1,1,1,1,0,1
Anane,South Governorate,0,0,0,1,0,0,1,7,0,1,5,1,0,1
Ansar,Nabatieh Governorate,0,1,0,1,1,0,1,7,1,0,4,0,0,1
Ansar Baalbeck,Baalbek-Hermel Governorate,0,0,0,0,0,0,1,0,0,0,0,0,0,1
Antelias-Naccache,Matn District,5,2,1,1,1,1,0,15,10,1,5,10,0,1
Arnoun,Nabatieh Governorate,0,0,0,0,0,0,1,0,0,0,0,0,0,1
Arsoun,Baabda District,0,0,0,1,0,0,1,0,0,1,6,0,0,1
Arzai,Sidon District,2,2,1,0,1,0,1,0,0,0,0,0,0,1
Arzoun,Tyre District,0,3,0,0,1,0,1,0,0,0,0,0,0,1
Asnoun,Zgharta District,0,2,0,0,1,0,1,0,0,0,0,0,1,0
Assia,Batroun District,1,1,1,1,1,0,1,0,0,1,0,0,0,1
Ayto,Zgharta District,1,0,1,0,0,0,1,0,0,0,0,0,0,1
Baabda-Louaizi,Baabda District,0,0,0,0,0,0,0,0,0,0,0,0,0,0
Baabdat,Matn District,0,0,0,0,0,0,0,0,0,0,0,0,0,0
Baadarane,Mount Lebanon Governorate,0,0,0,0,0,0,1,0,0,0,0,0,0,1
Baalbek,Baalbek-Hermel Governorate,2,5,1,1,1,1,0,48,1,5,5,5,0,1
Baalchmay,Baabda District,0,0,0,0,0,0,0,0,0,0,0,0,0,0
Baaloul West Bekaa,Western Beqaa District,0,3,0,0,1,0,1,0,0,0,0,0,0,1
Baaouerta,Aley District,0,0,0,1,0,0,1,1,0,0,1,0,0,1
Baaqline,Mount Lebanon Governorate,1,1,1,1,1,0,1,9,1,1,2,1,0,1
Baassir,Mount Lebanon Governorate,0,0,0,0,0,0,1,0,0,0,0,0,0,1
Bab Mareaa,Western Beqaa District,0,1,0,1,1,0,1,0,0,1,0,0,0,1
Babliyeh,Sidon District,1,1,1,0,1,0,1,0,0,0,0,0,0,1
Badbhoun,North Governorate,0,0,0,0,0,0,0,0,0,0,0,0,0,0
Baghdadi,Akkar Governorate,0,0,0,0,0,0,1,0,0,0,0,0,0,1
Bahbouch,North Governorate,0,1,0,0,1,0,1,0,0,0,0,0,1,0
Baisour,Aley District,0,1,0,1,1,0,1,6,0,0,2,0,0,1
Baisour Jezzine,South Governorate,0,1,0,0,1,0,1,0,0,0,0,0,0,1
Bakhaaoun,MiniyehâDanniyeh District,1,1,1,1,1,0,1,6,1,0,2,0,0,1
Bakka,Beqaa Governorate,0,0,0,0,0,0,1,0,0,0,0,0,0,1
Bakkifac Rachaya,Beqaa Governorate,1,1,1,0,1,1,0,0,0,0,0,0,0,1
Balloune,Keserwan District,1,1,1,0,1,1,0,0,0,0,0,0,0,1
Bane,Bsharri District,0,1,0,1,1,0,1,0,0,0,1,0,0,1
Bany haiyane,Marjeyoun District,1,1,1,1,1,0,1,0,0,0,0,0,0,1
Baouchriyeh el Sad,Matn District,0,0,0,0,0,0,0,0,0,0,0,0,0,0
Baraachit,Bint Jbeil District,0,0,0,0,0,0,0,0,0,0,0,0,0,0
Barghoun,North Governorate,0,1,0,0,1,0,1,0,0,0,0,0,0,1
Barja,Mount Lebanon Governorate,0,0,1,1,0,0,1,14,0,0,3,4,0,1
Barqa,Baalbek-Hermel Governorate,0,0,0,0,0,0,0,0,0,0,0,0,0,0
Barr Elias,ZahlÃ© District,0,2,0,1,1,1,0,18,0,2,4,4,0,1
Barsa,North Governorate,0,0,0,0,0,0,1,0,0,0,0,0,0,1
Basateen Aakar,Akkar Governorate,0,1,0,0,1,0,1,0,0,0,0,0,0,1
Baskinta,Matn District,0,0,0,0,0,0,1,0,0,0,0,0,0,1
Bater,Mount Lebanon Governorate,0,0,0,0,0,0,0,0,0,0,0,0,0,0
Batha,Keserwan District,0,0,0,0,0,0,1,0,0,0,0,0,0,1
Batloun,Mount Lebanon Governorate,0,0,0,0,0,0,1,0,0,0,0,0,0,1
Batoulay,Tyre District,0,1,0,0,1,0,1,0,0,0,0,0,0,1
Batroumine,North Governorate,1,1,1,0,1,0,1,0,0,0,0,0,1,0
Batroun,Batroun District,0,1,0,1,1,1,0,5,2,1,3,1,0,1
Bayzoun,Byblos District,0,0,0,0,0,0,1,0,0,0,0,0,1,0
Bazaaoun,Bsharri District,0,0,0,0,0,0,1,0,0,0,0,0,0,1
Bazouriyeh,Tyre District,0,2,0,1,1,0,1,6,1,0,3,1,0,1
Bchamoun,Aley District,0,0,0,0,0,0,0,0,0,0,0,0,0,0
Bchannine,Zgharta District,0,1,0,1,1,0,1,0,0,0,1,0,0,1
Bcharreh,Bsharri District,0,1,0,1,1,1,0,4,0,1,0,0,0,1
Bcheaali,Batroun District,1,0,1,0,0,0,1,0,0,0,0,0,0,1
Bchtfine,Mount Lebanon Governorate,0,0,0,0,0,1,0,0,0,0,0,0,0,1
Bdadoun,Aley District,0,0,0,0,0,0,1,0,0,0,0,0,0,1
Bdebba,North Governorate,5,3,1,0,1,0,1,0,0,0,0,0,0,1
Bebnine,Akkar Governorate,1,0,1,0,0,0,1,0,0,0,0,0,0,1
Bechmizzine,North Governorate,0,0,0,1,0,0,1,0,0,0,1,0,0,1
Bechouat,Baalbek-Hermel Governorate,2,0,1,0,0,0,1,0,0,0,0,0,1,0
Bechtoudar,Batroun District,0,0,0,0,0,0,1,0,0,0,0,0,0,1
Beddaoui,"Tripoli District, Lebanon",0,0,0,0,0,0,0,0,0,0,0,0,0,0
Bedghan Oua Ouadi Bedghan,Aley District,0,1,0,0,1,0,1,0,0,0,0,0,0,1
Bedias,Tyre District,0,0,0,0,0,0,0,0,0,0,0,0,0,0
Bednayel El-Koura,North Governorate,0,0,0,0,0,0,1,0,0,0,0,0,0,1
Behdaydat,Byblos District,0,0,0,0,0,0,1,0,0,0,0,0,1,0
Behnine,South Governorate,0,0,0,0,0,0,1,0,0,0,0,0,1,0
Behouaita,MiniyehâDanniyeh District,0,0,0,0,0,0,1,0,0,0,0,0,0,1
Beino,Akkar Governorate,0,0,0,0,0,0,1,0,0,0,0,0,0,1
Beit Ayoub,Akkar Governorate,0,1,0,1,1,0,1,0,0,0,0,0,0,1
Beit Chama,Baalbek-Hermel Governorate,5,1,1,0,1,0,1,0,0,0,0,0,0,1
Beit Chlala,Batroun District,0,0,0,1,0,0,1,0,0,1,0,0,0,1
Beit Ed-Dine,Mount Lebanon Governorate,1,1,1,1,1,0,1,0,0,0,1,0,0,1
Beit El Haj,Akkar Governorate,0,1,0,0,1,0,1,0,0,0,0,0,1,0
Beit El-Faqs,MiniyehâDanniyeh District,0,0,0,1,0,0,1,0,0,0,1,0,0,1
Beit El-Haouch,Akkar Governorate,0,0,0,0,0,0,1,0,0,0,0,0,0,1
Beit El-Kekko,Matn District,0,1,0,1,1,1,0,10,1,0,1,1,0,1
Beit Haouik,MiniyehâDanniyeh District,0,0,0,0,0,0,1,0,0,0,0,0,0,1
Beit Hbaq,Byblos District,0,0,0,1,0,0,1,0,0,0,1,0,1,0
Beit Kassab,Batroun District,0,0,1,0,0,0,1,0,0,0,0,0,0,1
Beit Lahia,Beqaa Governorate,1,1,1,1,1,0,1,0,0,0,1,0,0,1
Beit Lif,Bint Jbeil District,2,4,1,0,1,0,1,0,0,0,0,0,0,1
Beit Mellat,Akkar Governorate,1,0,1,0,0,0,1,0,0,0,0,0,0,1
Beit Meri,Matn District,2,3,1,0,1,1,0,0,0,0,0,0,0,1
Beit Monzer,Bsharri District,0,4,0,0,1,0,1,0,0,0,0,0,0,1
Beit Obeid,Zgharta District,2,0,1,0,0,0,1,0,0,0,0,0,0,1
Beit Yahoun,Bint Jbeil District,0,0,0,0,0,0,0,0,0,0,0,0,0,0
Beit Younes,Akkar Governorate,4,2,1,0,1,0,1,0,0,0,0,0,0,1
Bejjeh,Byblos District,0,0,0,0,0,0,1,0,0,0,0,0,0,1
Bekhaaz,Byblos District,0,0,0,0,0,0,1,0,0,0,0,0,0,1
Benouati Jezzine,South Governorate,0,1,0,0,1,0,1,0,0,0,0,0,0,1
Bent Jbeil,Bint Jbeil District,1,1,1,1,1,1,0,10,1,2,3,4,0,1
Beqaata Aachqout,Keserwan District,0,0,0,0,0,0,0,0,0,0,0,0,0,0
Beqaata Kanaan,Keserwan District,0,0,0,0,0,0,1,0,0,0,0,0,0,1
Berbara Aakkar,Akkar Governorate,0,3,0,0,1,0,1,0,0,0,0,0,0,1
Berbara Jbeil,Byblos District,0,1,0,0,1,0,1,0,0,0,0,0,0,1
Berhalioun,Bsharri District,0,0,0,0,0,0,0,0,0,0,0,0,0,0
Berti,Sidon District,3,0,1,0,0,0,1,0,0,0,0,0,0,1
Beslouqit,Zgharta District,1,0,1,0,0,0,1,0,0,0,0,0,1,0
Besri Jezzine,South Governorate,0,0,0,0,0,0,1,0,0,0,0,0,0,1
Bestiyat,Tyre District,1,1,1,0,1,0,1,0,0,0,0,0,0,1
Bezbina,Akkar Governorate,0,1,0,1,1,0,1,1,0,0,2,0,0,1
Bhamdoun Ed-Dayaa,Aley District,0,0,0,0,0,0,0,0,0,0,0,0,0,0
Bhamdoun El-Mhatta,Aley District,0,0,1,0,0,0,1,0,0,0,0,0,0,1
Bhersaf,Matn District,1,1,1,1,1,1,0,4,0,0,1,2,0,1
Bichtlida,Byblos District,0,0,0,0,0,0,1,0,0,0,0,0,1,0
Bijdarfil,Batroun District,0,0,0,0,0,0,1,0,0,0,0,0,0,1
Bikfaya,Matn District,1,2,1,0,1,1,0,0,0,0,0,0,0,1
Binnay,Aley District,1,0,1,1,0,0,1,0,0,0,1,0,0,1
Bintaael,Byblos District,1,1,1,0,1,0,1,0,0,0,0,0,0,1
Biret Aakkar,Akkar Governorate,1,1,1,1,1,0,1,4,2,0,3,0,0,1
Biret Rachaya,Beqaa Governorate,0,1,0,0,1,0,1,0,0,0,0,0,0,1
Bisrin,Aley District,0,0,0,0,0,0,1,0,0,0,0,0,0,1
Bissariyeh,Sidon District,1,2,1,0,1,1,0,0,0,0,0,0,0,1
Biyad,Tyre District,0,0,0,0,0,0,0,0,0,0,0,0,0,0
Bizhel,Keserwan District,0,0,0,0,0,0,1,0,0,0,0,0,0,1
Bkassine,South Governorate,1,1,1,1,1,0,1,7,2,1,7,1,0,1
Bkeftine,North Governorate,0,0,0,0,0,1,0,0,0,0,0,0,0,1
Bkhichtay,Aley District,0,0,0,0,0,0,1,0,0,0,0,0,0,1
Blaouza,Bsharri District,3,1,1,0,1,0,1,0,0,0,0,0,0,1
Blat Marjaayoun,Marjeyoun District,1,0,1,0,0,0,1,0,0,0,0,0,0,1
Blaybel,Aley District,0,0,0,0,0,0,1,0,0,0,0,0,0,1
Blida,Marjeyoun District,3,0,1,1,0,0,1,1,0,0,1,0,0,1
Bmahray,Aley District,0,1,0,0,1,0,1,0,0,0,0,0,0,1
Bmakine,Aley District,0,0,0,0,0,0,1,0,0,0,0,0,0,1
Bmaryam,Baabda District,0,1,0,1,1,0,1,5,3,1,4,2,0,1
Bnaafoul,Sidon District,1,0,1,0,0,0,1,0,0,0,0,0,0,1
Bnabil,Matn District,0,2,0,0,1,0,1,0,0,0,0,0,1,1
Bnehran,North Governorate,0,1,0,0,1,0,1,0,0,0,0,0,0,1
Bnoueiti,Mount Lebanon Governorate,1,1,1,0,1,0,1,0,0,0,0,0,0,1
Bohayra,Zgharta District,0,0,0,0,0,0,0,0,0,0,0,0,0,0
Bohwara,Aley District,0,1,0,0,1,0,1,0,0,0,0,0,1,0
Borj Aakkar,Akkar Governorate,0,0,0,0,0,1,0,0,0,0,0,0,0,1
Borj El-Moulouk,Marjeyoun District,2,2,1,0,1,0,1,0,0,0,0,0,0,1
Borj El-Yahoudiyeh,MiniyehâDanniyeh District,0,0,0,0,0,0,1,0,0,0,0,0,0,1
Borj En-Naqoura,Tyre District,2,0,1,1,0,0,1,2,0,0,1,0,0,1
Borj Rahhal,Tyre District,0,0,0,0,0,0,1,0,0,0,0,0,0,1
Borj qalaouiyeh,Bint Jbeil District,0,0,0,0,0,0,0,0,0,0,0,0,0,0
Botmeh,Mount Lebanon Governorate,0,0,0,0,0,0,1,0,0,0,0,0,0,1
Bouaida,Marjeyoun District,2,2,1,0,1,0,1,0,0,0,0,0,0,1
Bouar,Keserwan District,0,0,0,1,0,0,1,3,0,1,2,0,0,1
Bouarej,ZahlÃ© District,5,5,1,0,1,0,1,0,0,0,0,0,0,1
Boulhos,Byblos District,0,0,0,0,0,0,0,0,0,0,0,0,0,0
Bourj El Arab,Akkar Governorate,0,0,0,0,0,0,1,0,0,0,0,0,0,1
Bourj El-Brajneh,Baabda District,2,1,1,1,1,1,0,42,2,2,4,3,0,1
Bourj Hammoud,Matn District,0,0,0,0,0,0,0,0,0,0,0,0,0,0
Bourjein,Mount Lebanon Governorate,1,2,1,0,1,0,1,0,0,0,0,0,0,1
Boussit,Zgharta District,0,0,0,0,0,0,1,0,0,0,0,0,1,0
Boustane,Tyre District,0,0,1,0,0,0,1,0,0,0,0,0,0,1
Boustane Heresh,Akkar Governorate,0,0,0,0,0,0,1,0,0,0,0,0,0,1
Boutchay,Baabda District,0,0,0,0,0,0,1,0,0,0,0,0,0,1
Bqaa Kafra,Bsharri District,0,1,0,0,1,0,1,0,0,0,0,0,0,1
Bqaa Sefrine,MiniyehâDanniyeh District,1,1,1,0,1,0,1,0,0,0,0,0,0,1
Bqaatouta,Keserwan District,2,0,1,0,0,0,1,0,0,0,0,0,0,1
Bqarsouna,MiniyehâDanniyeh District,0,0,0,0,0,0,0,0,0,0,0,0,0,0
Bqerqacha,Bsharri District,0,1,0,1,1,0,1,5,0,1,1,0,0,1
Bqerzla,Akkar Governorate,1,1,1,0,1,0,1,0,0,0,0,0,0,1
Bqosta,Sidon District,1,0,1,0,0,0,1,0,0,0,0,0,0,1
Braiqeaa,Nabatieh Governorate,1,1,1,1,0,0,1,3,0,0,1,0,0,1
Bramiyeh,Sidon District,0,2,1,0,1,0,1,0,0,0,0,0,0,1
Breissat,Bsharri District,0,0,0,0,0,0,1,0,0,0,0,0,0,1
Brih,Mount Lebanon Governorate,3,1,1,1,1,0,1,0,0,0,1,0,0,1
Brital,Baalbek-Hermel Governorate,0,0,0,1,0,0,1,9,1,0,2,0,0,1
Broummana El-Matn,Matn District,0,0,0,0,0,0,0,0,0,0,0,0,0,0
Bsaba Baabda,Baabda District,0,0,0,0,0,0,1,0,0,0,0,0,0,1
Bsaba Ech-Chouf,Mount Lebanon Governorate,0,0,0,1,0,0,1,0,0,0,1,0,0,1
Bsalim,Matn District,0,2,0,1,1,1,0,10,0,2,0,0,0,1
Bsalya,South Governorate,0,0,0,0,0,0,1,0,0,0,0,0,0,1
Bsarma,North Governorate,0,2,0,0,1,0,1,0,0,0,0,0,0,1
Bsous,Aley District,0,0,0,0,0,0,0,0,0,0,0,0,0,0
Btaaboura,North Governorate,1,0,1,0,0,0,1,0,0,0,0,0,1,0
Btalloun,Aley District,0,0,0,0,0,0,1,0,0,0,0,0,1,0
Btater,Aley District,0,1,0,1,1,0,1,0,0,0,1,0,0,1
Btedaai,Baalbek-Hermel Governorate,1,1,1,0,1,0,1,0,0,0,0,0,1,0
Btedine El-Leqch,South Governorate,0,0,0,1,0,0,1,0,0,1,0,0,0,1
Bteghrine,Matn District,0,1,0,1,1,0,1,2,0,0,1,0,0,1
Btekhnay,Baabda District,3,1,1,1,1,1,0,0,0,0,1,0,0,1
Btermaz,MiniyehâDanniyeh District,0,0,0,1,0,0,1,0,0,0,1,0,0,1
Bterram,North Governorate,0,1,0,0,1,0,1,0,0,0,0,0,0,1
Btouratij,North Governorate,0,0,0,1,0,0,1,2,0,1,0,0,0,1
Byaqout,Matn District,1,1,1,0,1,0,1,0,0,0,0,0,0,1
Bzal,Akkar Governorate,0,2,0,1,1,0,1,1,0,0,0,0,0,1
Bziza,North Governorate,0,1,0,0,1,0,1,0,0,0,0,0,0,1
Bzoummar,Keserwan District,0,0,0,0,0,0,1,0,0,0,0,0,0,1
Chaaitiyeh-Malkiyah,Tyre District,0,0,0,1,0,0,1,0,0,0,1,0,0,1
Chaat,Baalbek-Hermel Governorate,0,0,0,0,0,0,0,0,0,0,0,0,0,0
Chadra,Akkar Governorate,4,2,1,1,1,0,1,1,0,0,1,0,0,1
Chahtoul,Keserwan District,0,0,0,0,0,0,0,0,0,0,0,0,0,0
Chamaa,Tyre District,0,0,0,0,0,0,0,0,0,0,0,0,0,0
Chamate,Byblos District,0,0,0,0,0,0,1,0,0,0,0,0,0,1
Chanay,Aley District,0,0,0,0,0,0,1,0,0,0,0,0,0,1
Chane,Akkar Governorate,0,1,0,0,1,0,1,0,0,0,0,0,0,1
Chaouiyeh,Matn District,0,0,0,0,0,0,0,0,0,0,0,0,0,0
Chaqdouf,Akkar Governorate,0,0,0,1,0,0,1,2,0,0,0,0,0,1
Charbila,Akkar Governorate,0,0,0,0,0,0,1,0,0,0,0,0,0,1
Charbine El-Hermel,Hermel District,0,0,0,0,0,0,1,0,0,0,0,0,0,1
Charoun,Aley District,0,1,0,1,1,0,1,1,0,0,1,0,0,1
Charqiyeh,Nabatieh Governorate,0,0,1,0,0,0,1,0,0,0,0,0,0,1
Chartoun,Aley District,0,0,0,1,0,0,1,0,0,0,2,0,0,1
Chebaa,Hasbaya District,0,1,0,1,1,0,1,0,5,0,5,1,0,1
Chehabiyeh,Tyre District,2,0,1,1,0,0,1,0,0,0,3,0,0,1
Chehabiyeh Faour,ZahlÃ© District,0,0,0,0,0,0,1,0,0,0,0,0,0,1
Chehour,Tyre District,0,0,0,0,0,0,1,0,0,0,0,0,0,1
Cheikh Ayash,Akkar Governorate,2,0,1,0,0,0,1,0,0,0,0,0,0,1
Cheikh Mohammad,Akkar Governorate,0,0,0,1,0,0,1,3,0,1,0,0,0,1
Cheikh Taba,Akkar Governorate,3,0,1,0,0,0,1,0,0,0,0,0,0,1
Cheikh Zennad,Akkar Governorate,0,0,0,0,0,0,1,0,0,0,0,0,0,1
Cheikhlar,Akkar Governorate,0,0,0,0,0,0,1,0,0,0,0,0,0,1
Chhim,Mount Lebanon Governorate,1,2,1,1,1,0,1,15,0,1,2,1,0,1
Chibtine,Batroun District,0,0,0,0,0,0,1,0,0,0,0,0,0,1
Chihine,Tyre District,0,0,0,0,0,0,1,0,0,0,0,0,0,1
Chikhane,Byblos District,0,0,0,1,0,0,1,0,0,0,1,0,0,1
Chikka,Batroun District,0,0,0,0,0,0,0,0,0,0,0,0,0,0
Chimlane,Aley District,0,1,0,0,1,1,0,0,0,0,0,0,1,0
Chiyah,Baabda District,1,1,1,1,1,0,1,19,1,1,2,6,0,1
Chlifa,Baalbek-Hermel Governorate,1,0,1,0,0,0,1,0,0,0,0,0,0,1
Chmistar,Baalbek-Hermel Governorate,0,0,0,0,0,0,0,0,0,0,0,0,0,0
Chnanaair,Keserwan District,0,0,1,0,0,0,1,0,0,0,0,0,0,1
Choualiq Jezzine,South Governorate,5,0,1,0,0,0,1,0,0,0,0,0,0,1
Chouaya Hasbaiya,Hasbaya District,0,1,0,0,1,0,1,0,0,0,0,0,0,1
Chouaya Maten,Matn District,0,0,0,0,0,0,0,0,0,0,0,0,0,0
Choueifat El-Aamrousiyeh,Aley District,0,1,0,1,1,0,1,15,1,0,5,5,0,1
Chouit,Baabda District,0,0,0,0,0,0,1,0,0,0,0,0,0,1
Choukine,Nabatieh Governorate,1,1,1,0,1,0,1,0,0,0,0,0,0,1
Chourit,Mount Lebanon Governorate,0,1,0,0,1,0,1,0,0,0,0,0,0,1
Chtaura,ZahlÃ© District,0,2,0,0,1,0,1,0,0,0,0,0,0,1
Daghleh,Akkar Governorate,1,1,1,0,1,0,1,0,0,0,0,0,0,1
Dahr El-Ahmar,Beqaa Governorate,0,0,0,1,0,1,0,5,1,2,3,1,1,0
Dahr El-Maghara,Mount Lebanon Governorate,0,0,0,0,0,0,0,0,0,0,0,0,0,0
Dahr El-Qanbar,Akkar Governorate,0,4,0,0,1,0,1,0,0,0,0,0,0,1
Dahr Es-Souane El-Matn,Matn District,0,0,0,1,0,0,1,4,0,1,1,0,0,1
Dahr Laissine,Akkar Governorate,1,2,1,0,1,0,1,0,0,0,0,0,0,1
Dalhoun,Mount Lebanon Governorate,0,0,0,0,0,0,1,0,0,0,0,0,0,1
Damalsa,Byblos District,0,0,0,0,0,0,0,0,0,0,0,0,0,0
Damour,Mount Lebanon Governorate,3,1,1,0,1,1,0,0,0,0,0,0,0,1
Daoura,Akkar Governorate,0,0,0,0,0,0,1,0,0,0,0,0,0,1
Daqqoun,Aley District,0,0,0,0,0,0,0,0,0,0,0,0,0,0
Dar Baaechtar,North Governorate,0,0,0,0,1,0,1,0,0,0,0,0,0,1
Dar Chmizzine,North Governorate,1,2,1,0,1,0,1,0,0,0,0,0,0,1
Daraaoun,Keserwan District,0,0,0,0,0,0,0,0,0,0,0,0,0,0
Daraiya Ech-Chouf,Mount Lebanon Governorate,2,0,1,0,0,0,1,0,0,0,0,0,0,1
Daraiya Kesrouane,Keserwan District,0,0,0,0,0,0,1,0,0,0,0,0,0,1
Darb Es-Sim,Sidon District,0,1,0,0,1,0,1,0,0,0,0,0,0,1
Darine,Akkar Governorate,0,3,0,0,1,0,1,0,0,0,0,0,0,1
Dayshouniyi,Matn District,0,0,0,0,0,0,0,0,0,0,0,0,0,0
Debaal Menie,MiniyehâDanniyeh District,0,0,0,0,0,0,1,0,0,0,0,0,0,1
Debaal Sour,Tyre District,0,0,0,0,0,0,0,0,0,0,0,0,0,0
Debl,Bint Jbeil District,3,1,1,1,1,0,1,0,0,0,1,0,0,1
Deddeh,North Governorate,1,1,1,1,1,0,1,2,0,0,2,0,0,1
Deir Aames,Tyre District,0,1,0,0,1,0,1,0,0,0,0,0,0,1
Deir Aammar,MiniyehâDanniyeh District,1,0,1,1,0,0,1,3,0,0,2,1,0,1
Deir Baba,Mount Lebanon Governorate,1,2,1,0,1,0,1,0,0,0,0,0,0,1
Deir Billa,Batroun District,0,0,0,0,0,0,1,0,0,0,0,0,0,1
Deir Chamra,Matn District,0,0,0,0,0,0,1,0,0,0,0,0,0,1
Deir Dalloum,Akkar Governorate,0,0,0,0,0,0,1,0,0,0,0,0,0,1
Deir Dourit,Mount Lebanon Governorate,2,3,1,0,1,0,1,0,0,0,0,0,0,1
Deir El-Aachayer,Beqaa Governorate,0,0,0,1,0,0,1,0,0,0,1,0,1,0
Deir El-Ahmar,Baalbek-Hermel Governorate,0,0,0,1,0,0,1,3,1,0,0,0,0,1
Deir El-Ghazal,ZahlÃ© District,0,2,0,0,1,0,1,0,0,0,0,0,0,1
Deir El-harf,Baabda District,1,1,1,0,1,0,1,0,0,0,0,0,0,1
Deir Ez-Zahrani,Nabatieh Governorate,0,0,0,0,0,0,0,0,0,0,0,0,0,0
Deir Jannine,Akkar Governorate,0,0,0,0,0,0,1,0,0,0,0,0,0,1
Deir Kifa,Tyre District,1,0,1,1,1,0,1,0,0,0,1,0,0,1
Deir Koucheh,Mount Lebanon Governorate,1,0,1,0,0,1,0,0,0,0,0,0,0,1
Deir Mimas,Marjeyoun District,1,1,1,0,1,0,1,0,0,0,0,0,0,1
Deir Nbouh,MiniyehâDanniyeh District,0,0,0,0,0,0,1,0,0,0,0,0,0,1
Deir Ntar,Bint Jbeil District,0,2,0,1,1,0,1,0,0,0,1,0,0,1
Deir Qanoun El-Aain,Tyre District,0,0,0,0,0,0,1,0,0,0,0,0,0,1
Deir Qanoun En-Nahr,Tyre District,0,2,0,1,1,0,1,8,1,0,1,0,0,1
Deir Qoubel,Aley District,0,0,0,0,0,0,0,0,0,0,0,0,0,0
Deir Siriane,Marjeyoun District,0,0,0,1,0,0,1,0,0,0,1,0,0,1
Dekouaneh,Matn District,0,0,0,0,0,0,0,0,0,0,0,0,0,0
Dellafeh,Hasbaya District,3,0,1,0,0,0,1,0,0,0,0,0,1,0
Derdaghaiya,Tyre District,0,1,0,1,1,0,1,0,0,0,1,0,0,1
Dfoun,Aley District,0,0,0,0,0,0,0,0,0,0,0,0,0,0
Dhayra,Tyre District,0,0,0,0,0,0,1,0,0,0,0,0,0,1
Dhour el hawa,North Governorate,1,1,1,0,1,1,0,0,0,0,0,0,0,1
Dibbabiyeh,Akkar Governorate,0,0,0,0,0,0,1,0,0,0,0,0,0,1
Dibbine,Marjeyoun District,0,1,0,0,1,0,1,0,0,0,0,0,0,1
Dibbiyeh,Mount Lebanon Governorate,0,0,0,1,0,1,0,2,1,0,1,1,0,1
Dik El-Mehdi,Matn District,0,0,0,1,0,1,0,3,0,0,1,0,0,1
Dimane,Bsharri District,0,0,0,0,0,0,1,0,0,0,0,0,0,1
Dlebta,Keserwan District,0,0,0,0,0,0,0,0,0,0,0,0,0,0
Dmit,Mount Lebanon Governorate,0,0,0,0,0,0,1,0,0,0,0,0,0,1
Douair Aadouiyeh,Akkar Governorate,2,2,1,0,1,0,1,0,0,0,0,0,0,1
Douair En-Nabatiyeh,Nabatieh Governorate,0,0,0,0,0,0,0,0,0,0,0,0,0,0
Douma,Batroun District,1,0,1,1,0,0,1,1,0,1,1,1,0,1
Douris,Baalbek-Hermel Governorate,0,2,0,1,1,1,0,10,0,2,1,0,0,1
Edde El-Batroun,Batroun District,2,1,1,0,1,0,1,0,0,0,0,0,0,1
Eddeh Jbeil,Byblos District,2,0,1,0,1,0,1,0,0,0,0,0,0,1
Eghbe,Keserwan District,0,0,0,0,0,0,1,0,0,0,0,0,0,1
Ehmej,Byblos District,0,0,0,1,0,0,1,0,0,0,2,0,0,1
Ein el Dahab,Akkar Governorate,0,0,0,1,0,0,1,0,0,0,1,0,0,1
El Ain,Baalbek-Hermel Governorate,1,0,1,0,0,0,1,0,0,0,0,0,0,1
El Ghabe,Matn District,0,1,0,0,1,0,1,0,0,0,0,0,0,1
El Kfeir,Hasbaya District,0,0,0,0,0,0,1,0,0,0,0,0,0,1
El Manara,Western Beqaa District,0,0,0,1,0,0,1,0,0,1,0,0,0,1
El Marej,Western Beqaa District,2,0,1,0,0,0,1,0,0,0,0,0,0,1
En-Nahriyyi,Akkar Governorate,1,3,1,0,1,1,0,0,0,0,0,0,0,1
Enfeh,North Governorate,1,1,1,1,1,1,0,3,0,0,0,0,0,1
Erkay,Sidon District,0,0,0,0,0,0,0,0,0,0,0,0,0,0
Falougha,Baabda District,0,0,0,0,0,0,0,0,0,0,0,0,0,0
Fanar,Matn District,0,0,0,0,0,0,1,0,0,0,0,0,0,1
Faraya,Keserwan District,0,1,0,1,1,0,1,2,0,0,1,0,0,1
Fard,Akkar Governorate,0,0,0,1,0,0,1,0,0,0,1,0,0,1
Fardis Hasbaiya,Hasbaya District,2,2,1,1,1,1,0,10,10,2,10,1,0,1
Fatqa,Keserwan District,0,0,0,1,0,0,1,3,0,0,0,0,0,1
Fatre,Byblos District,0,0,0,1,0,0,1,0,0,0,1,0,0,1
Faytroun,Keserwan District,0,1,0,1,1,0,1,2,0,0,0,0,0,1
Fekehe,Baalbek-Hermel Governorate,0,1,0,0,1,0,1,0,0,0,0,0,0,1
Ferhet,Byblos District,0,0,0,0,0,0,1,0,0,0,0,0,0,1
Fghal,Byblos District,0,0,0,0,0,1,0,0,0,0,0,0,0,1
Fiaa,North Governorate,0,1,0,1,1,0,1,1,0,0,1,0,0,1
Fikani,ZahlÃ© District,0,0,0,0,0,0,1,0,0,0,0,0,0,1
Fisan,Hermel District,0,0,0,0,0,0,1,0,0,0,0,0,0,1
Fnaydek,Akkar Governorate,0,1,0,1,1,0,1,3,1,0,2,0,0,1
Fouara,Mount Lebanon Governorate,0,0,0,0,0,0,1,0,0,0,0,0,0,1
Fourzol,ZahlÃ© District,0,0,0,0,0,0,0,0,0,0,0,0,0,0
Fraides,Akkar Governorate,0,0,0,0,0,0,1,0,0,0,0,0,0,1
Fraikeh,Matn District,2,0,1,0,0,0,1,0,0,0,0,0,0,1
Fraudis Ech-Chouf,Mount Lebanon Governorate,0,0,0,1,0,0,1,1,2,0,1,1,0,1
Froun,Bint Jbeil District,0,1,0,0,1,0,1,0,0,0,0,0,0,1
Furn Ech-Chebbak,Baabda District,0,1,0,1,1,0,1,19,0,1,6,4,0,1
Ghabat,Byblos District,0,0,0,0,0,0,1,0,0,0,0,0,0,1
Ghaboune,Aley District,0,0,0,1,0,0,1,0,0,0,1,0,0,1
Ghalboun,Byblos District,0,0,0,0,0,1,0,0,0,0,0,0,0,1
Ghandouriyet Bent Jbeil,Bint Jbeil District,0,2,0,0,1,0,1,0,0,0,0,0,1,0
Gharzouz,Byblos District,0,0,0,0,0,0,1,0,0,0,0,0,1,0
Ghassaniyeh,Sidon District,0,0,0,1,0,1,0,2,0,0,1,1,0,1
Ghazayleh,Akkar Governorate,0,0,0,0,0,0,1,0,0,0,0,0,1,0
Ghazir,Keserwan District,0,1,0,0,1,0,1,0,0,0,0,0,0,1
Ghaziyeh,Sidon District,0,0,0,1,0,0,1,10,1,1,4,2,0,1
Ghazzeh,Western Beqaa District,0,0,0,1,0,0,1,7,1,0,2,0,0,1
Ghbaet Bolonya,Matn District,0,1,0,1,1,0,1,0,0,0,2,0,0,1
Ghbaleh Kesrouane,Keserwan District,0,1,0,1,1,0,1,0,0,0,1,0,0,1
Ghbatiyeh,South Governorate,0,0,0,0,0,0,1,0,0,0,0,0,0,1
Ghidras,Keserwan District,0,0,0,1,0,0,1,0,0,0,1,0,0,1
Ghineh,Keserwan District,1,1,1,0,1,0,1,0,0,0,0,0,0,1
Ghobairi,Baabda District,4,1,1,1,1,1,0,31,18,2,8,7,0,1
Ghoifine,Byblos District,0,0,1,0,0,0,1,0,0,0,0,0,0,1
Ghosta,Keserwan District,0,0,0,1,0,0,1,1,0,0,2,0,0,1
Habbouch En-Nabatiyeh,Nabatieh Governorate,0,0,0,1,0,0,1,8,0,0,1,0,0,1
Habil,Byblos District,0,0,0,0,0,0,0,0,0,0,0,0,0,0
Hadath Baalback,Baalbek-Hermel Governorate,1,1,1,0,1,0,1,0,0,0,0,0,0,1
Hadath Ej-Jebbeh,Bsharri District,0,0,0,1,0,0,1,0,0,0,1,0,0,1
Hadath-Sbeineh,Baabda District,0,0,1,1,0,1,0,20,1,2,1,1,0,1
Hadchit,Bsharri District,0,2,0,0,1,0,1,0,0,0,0,0,0,1
Haddatha,Bint Jbeil District,0,0,0,0,0,0,0,0,0,0,0,0,0,0
Hajjeh,Sidon District,1,0,1,0,0,0,1,0,0,0,0,0,0,1
Hakel,Byblos District,0,0,0,0,0,0,1,0,0,0,0,0,0,1
Hakour,Akkar Governorate,0,0,0,0,0,0,1,0,0,0,0,0,0,1
Halate,Byblos District,1,0,1,0,0,0,1,0,0,0,0,0,0,1
Halba,Akkar Governorate,0,1,0,1,1,1,0,8,0,0,2,2,0,1
Halbata,Baalbek-Hermel Governorate,0,0,0,0,0,0,1,0,0,0,0,0,0,1
Halloussiyeh,Tyre District,1,0,1,1,0,0,1,0,0,0,1,0,0,1
Hamat,Batroun District,0,0,0,1,0,0,1,0,0,0,1,0,0,1
Hammana,Baabda District,0,1,0,1,1,1,0,2,0,0,1,1,0,1
Hanaouay,Tyre District,0,2,0,0,1,0,1,0,0,0,0,0,0,1
Hanine,Bint Jbeil District,0,0,0,0,0,0,0,0,0,0,0,0,0,0
Haouch El Qinnabeh Rachaya,Beqaa Governorate,2,0,1,0,0,0,1,0,0,0,0,0,1,0
Haouch El-Harime,Western Beqaa District,0,0,0,0,0,0,0,0,0,0,0,0,0,0
Haouch En-Nabi,Baalbek-Hermel Governorate,0,0,0,0,0,0,1,0,0,0,0,0,0,1
Haouch Er-Rafqa,Baalbek-Hermel Governorate,0,0,0,0,0,0,1,0,0,0,0,0,0,1
Haouch Hala,ZahlÃ© District,0,0,0,1,0,0,1,10,1,1,3,1,0,1
Haouch Snaid,Baalbek-Hermel Governorate,0,0,0,0,0,0,0,0,0,0,0,0,0,0
Haouch Tall Safiyeh,Baalbek-Hermel Governorate,0,0,0,1,0,0,1,1,0,0,1,0,0,1
Haouche Barada,Baalbek-Hermel Governorate,0,0,0,0,0,0,1,0,0,0,0,0,0,1
Haql el Aazimeh,MiniyehâDanniyeh District,0,0,0,0,0,0,1,0,0,0,0,0,0,1
Harabta,Baalbek-Hermel Governorate,1,1,1,0,1,0,1,0,0,0,0,0,0,1
Haret Es-Sit,Baabda District,0,0,0,0,0,0,1,0,0,0,0,0,0,1
Haret Fouar,Zgharta District,0,0,0,0,0,0,1,0,0,0,0,0,0,1
Haret Hreik,Baabda District,0,2,1,1,1,0,1,40,4,2,19,12,0,1
Haret Jandal,Mount Lebanon Governorate,0,0,0,0,0,0,1,0,0,0,0,0,0,1
Haret Saida,Sidon District,2,0,1,1,0,0,1,14,1,0,2,0,0,1
Harf,South Governorate,0,0,0,0,0,0,1,0,0,0,0,0,0,1
Harf Es-Sayad,MiniyehâDanniyeh District,1,1,1,0,1,0,1,0,0,0,0,0,0,1
Haris,Bint Jbeil District,0,0,0,0,0,0,0,0,0,0,0,0,0,0
Harouf,Nabatieh Governorate,1,1,1,0,1,1,0,0,0,0,0,0,0,1
Hasbaiya,Hasbaya District,1,2,1,1,1,0,1,7,0,1,1,0,0,1
Hasbaiya El-Matn,Baabda District,0,0,0,0,0,0,1,0,0,0,0,0,0,1
Hasrayel,Byblos District,0,3,0,0,1,0,1,0,0,0,0,0,1,0
Hasroun,Bsharri District,1,1,1,1,1,0,1,2,0,0,1,0,0,1
Hasrout,Mount Lebanon Governorate,0,0,0,0,0,0,0,0,0,0,0,0,0,0
Hayshe,Akkar Governorate,1,1,1,1,1,0,1,2,1,0,2,1,0,1
Hayssa,Akkar Governorate,1,1,1,1,1,0,1,3,0,0,2,0,0,1
Haytla,Akkar Governorate,0,0,0,0,0,0,1,0,0,0,0,0,0,1
Haytoura,South Governorate,0,3,0,0,1,0,1,0,0,0,0,0,0,1
Hayzouq,Akkar Governorate,0,0,0,1,0,0,1,0,0,0,1,0,0,1
Hazerta,ZahlÃ© District,0,0,0,0,0,0,0,0,0,0,0,0,0,0
Hazmiyah,Baabda District,0,0,0,0,0,0,0,0,0,0,0,0,0,0
Hazmiyet-Miniyeh,MiniyehâDanniyeh District,1,1,1,0,1,0,1,0,0,0,0,0,0,1
Hdeine,Byblos District,0,0,0,0,0,0,1,0,0,0,0,0,0,1
Hebbariyeh,Hasbaya District,1,1,1,1,1,1,0,1,0,0,1,0,0,1
Hedd,Akkar Governorate,0,0,0,0,0,0,1,0,0,0,0,0,1,0
Helouet Rachaya,Beqaa Governorate,0,0,0,0,0,0,1,0,0,0,0,0,1,0
Henniyeh,Tyre District,0,0,0,0,0,0,0,0,0,0,0,0,0,0
Heri,Batroun District,0,0,0,0,0,0,1,0,0,0,0,0,0,1
Hermel,Hermel District,2,2,1,1,1,1,0,18,1,3,4,1,0,1
Hidab,South Governorate,2,3,1,0,1,0,1,0,0,0,0,0,0,1
Hilan,Zgharta District,0,0,0,0,0,0,1,0,0,0,0,0,0,1
Himlaya,Matn District,0,0,0,0,0,0,0,0,0,0,0,0,0,0
Hizzine,Baalbek-Hermel Governorate,2,2,1,0,1,0,1,0,0,0,0,0,0,1
Hjoula,Byblos District,0,0,0,0,0,0,1,0,0,0,0,0,0,1
Hlaliyeh ,Baabda District,0,0,0,0,0,0,1,0,0,0,0,0,0,1
Hlaliyeh Saida,Sidon District,3,2,1,0,1,0,1,0,0,0,0,0,0,1
Hmaireh Aakkar,Akkar Governorate,0,0,0,0,0,0,1,0,0,0,0,0,0,1
Hmairi Sour,Tyre District,1,1,1,0,1,0,1,0,0,0,0,0,0,1
Hocheb,Akkar Governorate,0,0,0,0,0,0,1,0,0,0,0,0,0,1
Homsiyeh,South Governorate,0,0,0,0,0,0,0,0,0,0,0,0,0,0
Houaich,Akkar Governorate,1,2,1,0,1,0,1,0,0,0,0,0,0,1
Houla,Marjeyoun District,0,0,0,0,0,0,0,0,0,0,0,0,0,0
Houmine El-Faouqa,Nabatieh Governorate,0,0,1,1,0,0,1,2,0,0,1,0,0,1
Houmine Et-Tahta,Nabatieh Governorate,0,1,0,1,1,0,1,0,0,0,1,1,0,1
Howara,MiniyehâDanniyeh District,0,0,0,0,0,0,1,0,0,0,0,0,0,1
Hrajel,Keserwan District,0,0,0,0,0,0,0,0,0,0,0,0,0,0
Hrar,Akkar Governorate,1,2,1,1,1,0,1,3,2,1,2,0,0,1
Hsarat,Byblos District,0,0,0,1,0,0,1,0,0,0,1,0,0,1
Hsayn,Keserwan District,0,0,0,0,0,0,1,0,0,0,0,0,1,0
Hsoun,Byblos District,0,0,0,0,0,0,0,0,0,0,0,0,0,0
Iaat,Baalbek-Hermel Governorate,0,1,0,1,1,0,1,3,0,0,1,0,0,1
Ibl Es-Saqi,Marjeyoun District,0,0,1,0,1,0,1,0,0,0,0,0,0,1
Idbil,Akkar Governorate,0,0,0,1,0,0,1,0,0,1,0,0,0,1
Ighmid,Aley District,0,0,0,0,0,0,1,0,0,0,0,0,0,1
Ijbaa,Zgharta District,1,2,1,0,1,0,1,0,0,0,0,0,1,0
Ijdaabrine,North Governorate,0,0,0,0,0,0,1,0,0,0,0,0,0,1
Ilat,Akkar Governorate,0,0,1,0,0,0,1,0,0,0,0,0,0,1
Insariyeh,Sidon District,3,1,1,1,1,0,1,4,0,0,1,1,0,1
Izal,MiniyehâDanniyeh District,0,0,0,0,0,0,1,0,0,0,0,0,0,1
Jaaita,Keserwan District,0,0,0,0,0,0,1,0,0,0,0,0,0,1
Jadra,Mount Lebanon Governorate,1,0,1,0,0,1,0,0,0,0,0,0,0,1
Jahliyeh,Mount Lebanon Governorate,0,0,0,0,0,0,0,0,0,0,0,0,0,0
Jaj,Byblos District,0,0,0,0,0,0,1,0,0,0,0,0,0,1
Jall Ed-Dib,Matn District,0,0,0,1,0,0,1,12,2,2,1,2,0,1
Janneh Mar Sarkis,Byblos District,0,0,0,0,0,0,0,0,0,0,0,0,0,0
Jarbata,Batroun District,0,0,0,0,0,0,1,0,0,0,0,0,0,1
Jarjouaa,Nabatieh Governorate,1,1,1,1,1,0,1,0,0,0,1,0,0,1
Jarmaq,South Governorate,2,0,1,0,0,0,1,0,0,0,0,0,0,1
Jbaa En-Nabatiyeh,Mount Lebanon Governorate,0,1,0,1,1,0,1,0,0,0,1,0,0,1
Jbaa En-Nabatiyeh-Ein-Boswar,Nabatieh Governorate,0,2,0,1,1,0,1,3,1,0,1,0,0,1
Jbal El-Botm,Tyre District,0,1,0,1,1,0,1,0,0,0,1,0,0,1
Jbeil,Byblos District,5,1,1,1,1,1,0,45,6,2,7,4,0,1
Jbouleh,Baalbek-Hermel Governorate,0,0,0,0,0,0,1,0,0,0,0,0,0,1
Jdaidet Ghazir,Keserwan District,3,0,1,0,0,0,1,0,0,0,0,0,0,1
Jdaidet Marjaayoun,Marjeyoun District,0,1,0,1,1,0,1,5,0,1,1,2,0,1
Jdeidet Ech-Chouf,Mount Lebanon Governorate,1,1,1,1,1,1,0,5,1,2,1,1,0,1
Jdidet Ej-Joumeh,Akkar Governorate,1,2,1,0,1,0,1,0,0,0,0,0,0,1
Jdita,ZahlÃ© District,3,1,1,0,1,0,1,0,0,0,0,0,0,1
Jebrayel,Akkar Governorate,0,0,0,0,0,0,1,0,0,0,0,0,0,1
Jenjlaya,Sidon District,0,0,0,0,0,0,1,0,0,0,0,0,0,1
Jennata,Tyre District,0,0,0,0,0,0,0,0,0,0,0,0,0,0
Jensnaya,South Governorate,0,1,0,0,1,0,1,0,0,0,0,0,0,1
Jenta,Baalbek-Hermel Governorate,0,0,0,0,0,0,1,0,0,0,0,0,0,1
Jeoddayel Jbeil,Byblos District,0,0,0,0,0,0,1,0,0,0,0,0,0,1
Jermanya,Akkar Governorate,0,2,0,1,1,0,1,0,0,0,2,0,0,1
Jernaya,South Governorate,2,2,1,0,1,0,1,0,0,0,0,0,0,1
Jezzine-Ain Majdelin,South Governorate,1,1,1,1,1,1,0,2,0,1,2,2,0,1
Jibchit,Nabatieh Governorate,1,0,1,0,0,0,1,0,0,0,0,0,0,1
Jiyeh,Mount Lebanon Governorate,0,0,1,0,1,0,1,0,0,0,0,0,0,1
Jmailiyeh,Mount Lebanon Governorate,0,0,0,0,0,0,1,0,0,0,0,0,1,0
Jouaiya,Tyre District,0,1,0,1,1,0,1,6,0,1,1,0,0,1
Jouar El-Haouz,Baabda District,0,0,0,1,1,0,1,8,1,1,1,1,0,1
Joubb Jannine,Western Beqaa District,1,0,1,0,0,0,1,0,0,0,0,0,0,1
Joun,Mount Lebanon Governorate,0,0,0,0,0,0,0,0,0,0,0,0,0,0
Jounie ,Keserwan District,0,0,0,0,0,0,0,0,0,0,0,0,0,0
Jouret Arsoun,Baabda District,2,1,1,0,1,0,1,0,0,0,0,0,0,1
Jouret Bedrane,Keserwan District,0,0,0,0,0,0,1,0,0,0,0,0,0,1
Jouret E-Tourmos,Keserwan District,0,0,0,1,0,0,1,0,0,0,1,0,0,1
Jouret El-Ballout,Matn District,0,0,0,0,0,0,1,0,0,0,0,0,0,1
Kafr,Byblos District,0,0,0,0,0,0,1,0,0,0,0,0,0,1
Kafr Harra,Akkar Governorate,0,0,0,0,0,0,1,0,0,0,0,0,0,1
Kafr Hatna,Batroun District,0,0,0,0,0,0,0,0,0,0,0,0,0,0
Kafr Jarrah,South Governorate,0,0,0,0,0,0,1,0,0,0,0,0,0,1
Kafr Saroun,North Governorate,0,1,0,0,1,0,1,0,0,0,0,0,0,1
Kafr horra,Zgharta District,0,0,0,0,0,0,1,0,0,0,0,0,0,1
Kafra Bent Jbeil,Bint Jbeil District,0,1,0,1,1,0,1,0,0,0,1,0,0,1
Kafraiya West Bekaa,Western Beqaa District,1,1,1,1,1,0,1,1,0,0,1,0,0,1
Kafraya El-Koura,North Governorate,0,0,0,1,0,0,1,0,0,0,1,0,0,1
Kafrkida,Byblos District,0,0,0,0,0,0,1,0,0,0,0,0,0,1
Kafrnoun,Akkar Governorate,0,0,0,0,0,0,1,0,0,0,0,0,0,1
Kafrya,Sidon District,1,0,1,0,0,0,1,0,0,0,0,0,0,1
Kaftoun,North Governorate,1,0,1,0,0,0,1,0,0,0,0,0,0,1
Kahef Maloul,MiniyehâDanniyeh District,1,0,1,0,0,0,1,0,0,0,0,0,0,1
Kahhaleh,Aley District,2,2,1,0,1,0,1,0,0,0,0,0,0,1
Kahlouniet Ech-Chouf,Mount Lebanon Governorate,0,0,0,0,0,0,1,0,0,0,0,0,0,1
Kamed El-Laouz,Western Beqaa District,1,1,1,1,1,1,0,3,0,1,2,1,0,1
Kaoukaba Bou Arab,Beqaa Governorate,0,0,0,1,0,0,1,0,0,0,1,0,0,1
Kaoukaba Hasbaiya,Hasbaya District,1,1,1,1,1,0,1,2,0,0,1,0,0,1
Kaoutariyet Es-Siyad,Sidon District,0,0,0,0,0,0,1,0,0,0,0,0,0,1
Karkha,South Governorate,0,0,0,0,0,0,0,0,0,0,0,0,0,0
Karm El-Mohr,MiniyehâDanniyeh District,0,0,0,1,0,0,1,0,0,0,1,0,0,1
Karm Saddeh,Zgharta District,1,0,1,1,0,0,1,1,0,0,1,0,0,1
Karm Zebdine,Akkar Governorate,0,0,0,0,0,0,1,0,0,0,0,0,0,1
Ketermaya,Mount Lebanon Governorate,0,1,0,1,1,1,0,5,1,1,1,1,0,1
Keyfoun,Aley District,0,0,0,0,0,0,1,0,0,0,0,0,0,1
Kfar Aabida,Batroun District,2,1,1,0,1,0,1,0,0,0,0,0,0,1
Kfar Aamay,Aley District,0,0,0,0,0,0,1,0,0,0,0,0,0,1
Kfar Aaqab,Matn District,0,1,0,0,1,0,1,0,0,0,0,0,0,1
Kfar Aaqqa,North Governorate,0,0,0,1,1,0,1,0,0,0,1,0,0,1
Kfar Baal,Byblos District,0,0,0,0,0,0,1,0,0,0,0,0,0,1
Kfar Beit,Sidon District,1,1,1,0,1,0,1,0,0,0,0,0,0,1
Kfar Bibnine,MiniyehâDanniyeh District,0,0,0,1,0,0,1,0,1,0,0,0,0,1
Kfar Chellal,Sidon District,1,0,1,0,0,0,1,0,0,0,0,0,0,1
Kfar Chellane,MiniyehâDanniyeh District,0,1,0,1,1,0,1,2,0,0,1,1,0,1
Kfar Chima,Baabda District,0,1,0,1,1,0,1,3,0,0,1,0,0,1
Kfar Chouba,Hasbaya District,0,0,0,1,0,0,1,0,0,0,1,0,0,1
Kfar Dane,Baalbek-Hermel Governorate,0,0,0,0,0,0,1,0,0,0,0,0,0,1
Kfar Denis,Beqaa Governorate,0,0,0,0,0,0,1,0,0,0,0,0,0,1
Kfar Dibiane,Keserwan District,0,1,0,1,1,0,1,3,0,0,1,0,0,1
Kfar Dounine,Bint Jbeil District,0,1,0,1,1,0,1,3,0,0,1,0,0,1
Kfar Falous,South Governorate,0,0,0,0,0,0,1,0,0,0,0,0,0,1
Kfar Faqoud,Mount Lebanon Governorate,1,1,1,1,1,1,0,0,0,0,1,0,0,1
Kfar Habou,MiniyehâDanniyeh District,0,0,0,1,0,0,1,1,0,0,1,0,0,1
Kfar Hamam,Hasbaya District,0,0,0,1,0,0,1,0,0,0,1,0,0,1
Kfar Hatta Saida,Sidon District,0,1,0,1,1,0,1,2,0,0,1,0,0,1
Kfar Hay,Batroun District,0,0,0,0,0,0,1,0,0,0,0,0,0,1
Kfar Hazir,North Governorate,0,0,0,1,0,0,1,1,0,0,1,0,0,1
Kfar Heam,Mount Lebanon Governorate,0,0,0,0,0,0,0,0,0,0,0,0,0,0
Kfar Hilda,Batroun District,0,0,0,1,0,0,1,0,1,0,0,1,0,1
Kfar Houneh,South Governorate,1,1,1,0,1,1,0,0,0,0,0,0,0,1
Kfar Jreif,Keserwan District,0,1,0,0,1,0,1,0,0,0,0,0,0,1
Kfar Kila,Marjeyoun District,2,2,1,0,1,0,1,0,0,0,0,0,0,1
Kfar Matta,Aley District,1,1,1,1,1,0,1,0,0,0,1,0,0,1
Kfar Melki Saida,Sidon District,2,3,1,0,1,0,1,0,0,0,0,0,0,1
Kfar Nabrakh,Mount Lebanon Governorate,0,0,0,1,0,0,1,0,0,0,1,0,0,1
Kfar Niss,Mount Lebanon Governorate,0,0,0,0,0,0,0,0,0,0,0,0,0,0
Kfar Qatra,Mount Lebanon Governorate,0,0,0,0,0,0,0,0,0,0,0,0,0,0
Kfar Qouq,Beqaa Governorate,1,3,1,1,1,0,1,0,0,0,1,0,0,1
Kfar Roummane,Nabatieh Governorate,1,1,1,1,1,0,1,6,0,0,2,0,0,1
Kfar Selouane,Baabda District,0,0,0,0,0,0,1,0,0,0,0,0,0,1
Kfar Sir,Nabatieh Governorate,0,3,0,1,1,0,1,3,2,0,1,1,0,1
Kfar Tay El-Matn,Matn District,1,1,1,1,1,0,1,0,0,0,0,0,0,1
Kfar Tibnit,Nabatieh Governorate,0,1,1,0,1,0,1,0,0,0,0,0,0,1
Kfar michki,Beqaa Governorate,0,0,0,0,1,0,1,0,0,0,0,0,0,1
Kfardlaqous,Zgharta District,0,2,0,0,1,0,1,0,0,0,0,0,0,1
Kfarfila,Nabatieh Governorate,3,2,1,1,1,0,1,1,0,0,0,0,0,1
Kfarfou,Zgharta District,0,0,0,0,0,0,1,0,0,0,0,0,1,0
Kfarhata ,North Governorate,0,0,0,1,0,0,1,0,0,0,0,0,0,1
Kfarhata Zgharta,Zgharta District,1,1,1,0,1,0,1,0,0,0,0,0,1,0
Kfarsghab,Zgharta District,0,0,0,0,0,0,1,0,0,0,0,0,0,1
Kfartoun,Akkar Governorate,0,0,0,1,0,0,1,2,0,0,1,0,0,1
Kfaryachit,Zgharta District,0,0,0,0,0,0,1,0,0,0,0,0,0,1
Kfarzabad,ZahlÃ© District,0,0,0,1,0,0,1,4,0,0,4,0,0,1
Kfarzaina,Zgharta District,0,0,1,0,1,0,1,0,0,0,0,0,0,1
Kfoun,Byblos District,0,0,0,0,0,0,1,0,0,0,0,0,0,1
Kfour El-Aarbi,Batroun District,0,0,0,1,0,0,1,0,0,1,0,0,0,1
Kfour En-Nabatieh,Keserwan District,3,2,1,1,1,0,1,1,0,0,1,0,0,1
Khalwat,Hasbaya District,0,3,0,1,1,0,1,0,0,0,1,0,0,1
Kharbe,Byblos District,0,0,0,0,0,0,1,0,0,0,0,0,0,1
Kharnoub,MiniyehâDanniyeh District,0,0,0,0,0,0,1,0,0,0,0,0,0,1
Khartoum,Sidon District,0,1,0,0,1,0,1,0,0,0,0,0,0,1
Khat el Petrol,Akkar Governorate,1,1,1,0,1,0,1,0,0,0,0,0,0,1
Khayayeb Saida,Sidon District,1,1,1,1,1,0,1,5,1,0,1,1,0,1
Khereibet Ech-Chouf,Mount Lebanon Governorate,0,0,0,0,0,0,0,0,0,0,0,0,0,0
Khinchara,Matn District,1,1,1,1,1,0,1,1,0,0,1,1,0,1
Khirbet Bisri,Mount Lebanon Governorate,0,0,0,0,0,0,1,0,0,0,0,0,1,0
Khirbet Char,Akkar Governorate,0,0,0,0,0,0,1,0,0,0,0,0,0,1
Khirbet Daoud Aakkar,Akkar Governorate,0,0,0,0,0,0,1,0,0,0,0,0,0,1
Khirbet Jord,Akkar Governorate,0,1,0,0,1,0,1,0,0,0,0,0,0,1
Khirbet Qanafar,Western Beqaa District,2,1,1,1,1,0,1,1,0,1,2,0,0,1
Khirbet Rouha,Beqaa Governorate,0,1,0,1,1,0,1,1,0,0,2,0,0,1
Khirbet Selm,Bint Jbeil District,1,2,1,1,1,1,0,2,0,0,2,0,0,1
Khiyam Marjaayoun,Marjeyoun District,1,1,1,1,1,0,1,4,0,0,5,2,0,1
Khodr Baalbek,Baalbek-Hermel Governorate,1,0,1,0,0,0,1,0,0,0,0,0,0,1
Khreibet Baabda,Baabda District,0,1,0,1,1,0,1,10,0,1,6,1,0,1
Khreibet Ej-Jindi,Akkar Governorate,0,2,0,1,1,0,1,1,2,0,2,0,0,1
Khzaiz,Sidon District,0,0,0,0,0,0,1,0,0,0,0,0,0,1
Kleyleh,Mount Lebanon Governorate,0,2,0,0,1,0,1,0,0,0,0,0,1,0
Kneisset Aakkar,Akkar Governorate,0,0,0,0,0,0,1,0,0,0,0,0,0,1
Kneisset Ech-Chouf,Mount Lebanon Governorate,4,0,1,1,0,0,1,5,0,2,0,0,0,1
Kneisset Sour,Tyre District,0,0,0,0,0,0,0,0,0,0,0,0,0,0
Kouachra,Akkar Governorate,0,2,0,0,1,0,1,0,0,0,0,0,0,1
Kouakh,Hermel District,0,0,0,0,0,0,1,0,0,0,0,0,0,1
Koueikhat,Akkar Governorate,0,0,0,0,0,0,1,0,0,0,0,0,0,1
Kounine,Bint Jbeil District,0,0,0,1,0,0,1,8,0,2,0,2,0,1
Kour,Batroun District,0,0,0,0,0,0,1,0,0,0,0,0,0,1
Kousba,North Governorate,0,2,0,1,1,0,1,8,0,0,1,4,0,1
Kroum El-Aarab,Akkar Governorate,1,0,1,0,0,0,1,0,0,0,0,0,0,1
Laboueh,Baalbek-Hermel Governorate,0,0,0,0,0,0,0,0,0,0,0,0,0,0
Lala,Western Beqaa District,0,1,0,1,1,0,1,3,0,4,4,0,0,1
Laqlouq,Byblos District,0,0,0,0,0,0,1,0,0,0,0,0,0,1
Lassa,Byblos District,0,0,0,0,0,0,1,0,0,0,0,0,0,1
Lebaa,South Governorate,1,1,1,0,1,1,0,0,0,0,0,0,0,1
Lehfed,Byblos District,0,1,0,0,1,0,1,0,0,0,0,0,0,1
Libbaya West Bekaa,Western Beqaa District,0,0,0,0,0,0,0,0,0,0,0,0,0,0
Louayzet Jezzine,South Governorate,0,0,0,0,0,0,1,0,0,0,0,0,1,0
Loubieh,Sidon District,0,1,0,0,1,1,0,0,0,0,0,0,0,1
Maad,Byblos District,0,0,0,1,0,0,1,0,0,0,1,0,1,0
Maarab,Keserwan District,0,0,0,0,0,0,1,0,0,0,0,0,0,1
Maaraboun,Baalbek-Hermel Governorate,0,0,0,1,0,0,1,0,0,0,1,0,0,1
Maarakeh,Tyre District,0,1,0,1,1,0,1,6,0,0,3,2,0,1
Maaroub,Tyre District,0,0,0,0,0,0,0,0,0,0,0,0,0,0
Maasrati,Aley District,0,1,0,0,1,0,1,0,0,0,0,0,0,1
Maasser Beit Ed-Dine,Mount Lebanon Governorate,2,2,1,0,1,0,1,0,0,0,0,0,0,1
Maasser Ech-Chouf,Mount Lebanon Governorate,0,0,0,0,0,0,0,0,0,0,0,0,0,0
Maaysra Kesrouane,Keserwan District,0,0,0,1,0,0,1,1,0,0,1,0,0,1
Machghara,Western Beqaa District,2,1,1,1,1,0,1,0,0,1,0,0,0,1
Machha,Akkar Governorate,0,0,0,1,0,0,1,1,0,0,2,0,0,1
Machmoucheh,South Governorate,0,0,0,1,0,0,1,0,0,0,0,0,0,1
Machta Hammoud,Akkar Governorate,0,0,0,1,1,0,1,0,0,0,1,0,0,1
Machta Hassan,Akkar Governorate,0,0,1,1,0,0,1,1,0,0,1,1,0,1
Maghdoucheh,Sidon District,1,1,1,1,1,0,1,4,0,0,1,0,0,1
Magher wbala,Bsharri District,1,0,1,0,0,0,1,0,0,0,0,0,0,1
Mahrouna,Tyre District,1,1,1,0,1,1,0,0,0,0,0,0,0,1
Majdala,Akkar Governorate,0,0,0,0,0,1,0,0,0,0,0,0,0,1
Majdaloun,Baalbek-Hermel Governorate,0,0,0,0,0,0,1,0,0,0,0,0,0,1
Majdalouna,Mount Lebanon Governorate,0,0,0,0,0,0,1,0,0,0,0,0,0,1
Majdel,Tyre District,0,0,0,0,0,0,1,0,0,0,0,0,0,1
Majdel Aanjar,ZahlÃ© District,0,0,0,0,0,0,1,0,0,0,0,0,0,1
Majdel Baana,Aley District,0,0,0,1,0,0,1,1,1,0,1,1,0,1
Majdel Balhis,Beqaa Governorate,0,4,0,0,1,0,1,0,0,0,0,0,0,1
Majdel El-Aqoura,Byblos District,0,0,0,0,0,0,1,0,0,0,0,0,0,1
Majdel El-Meouch,Mount Lebanon Governorate,0,0,0,1,0,0,1,0,0,0,1,0,0,1
Majdel Selm,Marjeyoun District,0,1,0,1,1,0,1,3,0,0,1,0,0,1
Majdel el-Koura,North Governorate,0,0,0,0,0,0,1,0,0,0,0,0,1,0
Majdel tarchich,Matn District,0,0,0,0,0,0,0,0,0,0,0,0,0,0
Majdelyoun,Sidon District,1,1,1,0,1,0,1,0,0,0,0,0,0,1
Majdelzoun,Tyre District,0,0,0,0,0,0,1,0,0,0,0,0,0,1
Maknounet Jezzine,South Governorate,0,0,0,0,0,0,1,0,0,0,0,0,0,1
Makseh,ZahlÃ© District,0,1,0,1,1,0,1,5,0,0,1,0,0,1
Malkiyah Village,Tyre District,0,0,0,0,0,0,1,0,0,0,0,0,0,1
Mansoura,Western Beqaa District,1,1,1,1,1,0,1,1,0,0,1,0,0,1
Mansoura ,Akkar Governorate,0,0,0,1,0,0,1,0,0,0,1,0,0,1
Mansouri,Tyre District,0,1,0,1,1,1,0,1,0,0,1,0,0,1
Mansouriyet Bhamdoun,Aley District,0,0,0,0,0,0,1,0,0,0,0,0,0,1
Maqneh,Baalbek-Hermel Governorate,3,1,1,1,1,0,1,2,0,0,1,0,0,1
Mar Boutros Karm Et-Tine,Matn District,0,0,0,0,0,0,1,0,0,0,0,0,0,1
Mar Chaaya,Matn District,0,0,0,0,0,0,1,0,0,0,0,0,0,1
Mar Mama,Batroun District,0,0,0,0,0,0,1,0,0,0,0,0,1,0
Mar Moussa Ed-Douar,Matn District,0,0,0,0,0,0,0,0,0,0,0,0,0,0
Marj Barja,Mount Lebanon Governorate,0,0,0,0,0,0,0,0,0,0,0,0,0,0
Marj Ez-Zouhour (Haouch El-Qinnaabeh),Hasbaya District,0,0,0,0,0,0,1,0,0,0,0,0,0,1
Marjaba,Matn District,0,0,0,0,0,0,0,0,0,0,0,0,0,0
Markaba,Marjeyoun District,0,0,0,1,0,0,1,0,0,0,2,0,0,1
Maroun Er-Ras,Bint Jbeil District,0,0,0,0,0,0,0,0,0,0,0,0,0,0
Massa,ZahlÃ© District,0,0,0,0,0,0,1,0,0,0,0,0,0,1
Massaaoudiyeh,Akkar Governorate,0,0,0,1,0,0,1,0,0,0,1,0,0,1
Mayasseh,Matn District,0,0,0,0,0,0,1,0,0,0,0,0,0,1
Maydoun,Western Beqaa District,0,0,0,0,0,0,1,0,0,0,0,0,0,1
Mayfadoun,Nabatieh Governorate,0,1,0,0,1,0,1,0,0,0,0,0,0,1
Mayfouq,Byblos District,0,0,0,0,0,0,0,0,0,0,0,0,0,0
Mayrouba,Keserwan District,0,0,0,1,0,0,1,1,0,0,1,0,0,1
Mazareaa Jabal Akroum,Akkar Governorate,0,1,0,0,1,0,1,0,0,0,0,0,0,1
Mazraat Assaf,Bsharri District,0,1,0,0,1,0,1,0,0,0,0,0,1,0
Mazraat Balda,Akkar Governorate,0,0,0,0,0,0,1,0,0,0,0,0,0,1
Mazraat Bani Saab,Bsharri District,0,1,0,0,1,0,1,0,0,0,0,0,0,1
Mazraat Bani Sakher,Akkar Governorate,0,0,0,0,0,0,1,0,0,0,0,0,0,1
Mazraat Beit Ghattas,Akkar Governorate,3,0,1,0,0,0,1,0,0,0,0,0,0,1
Mazraat Ech-Chouf,Mount Lebanon Governorate,2,1,1,1,1,0,1,0,0,0,1,0,0,1
Mazraat El-Hdaira,Matn District,1,1,1,1,1,0,1,7,0,0,1,0,0,1
Mazraat El-Mathane,South Governorate,0,0,0,0,0,0,1,0,0,0,0,0,1,0
Mazraat Es-Dahr,Mount Lebanon Governorate,0,0,0,0,0,0,1,0,0,0,0,0,0,1
Mazraat Et-Teffah,Zgharta District,0,1,0,0,1,0,1,0,0,0,0,0,0,1
Mazraat Ez-Zalloutiyeh,Tyre District,0,0,0,0,0,0,1,0,0,0,0,0,0,1
Mazraat Harkish,Zgharta District,0,0,0,0,0,0,1,0,0,0,0,0,0,1
Mazraat Hokka,Zgharta District,0,0,0,0,0,0,1,0,0,0,0,0,1,0
Mazraat Mechref,Tyre District,2,2,1,0,1,0,1,0,0,0,0,0,0,1
Mazraat Nahr Zgharta,Zgharta District,0,0,0,0,0,0,1,0,0,0,0,0,1,0
Mazraat Swaidan,Baalbek-Hermel Governorate,0,0,0,0,0,0,1,0,0,0,0,0,0,1
Mazraat Yachouaa,Matn District,0,1,0,0,1,0,1,0,0,0,0,0,0,1
Mazraat beit Mchaik,Baalbek-Hermel Governorate,0,0,0,0,0,0,1,0,0,0,0,0,0,1
Mchaneh,Byblos District,0,0,0,0,0,0,0,0,0,0,0,0,0,0
Mcherfeh,Aley District,0,1,0,0,1,0,1,0,0,0,0,0,0,1
Mchikha,Matn District,0,0,0,0,0,0,0,0,0,0,0,0,0,0
Mdoukha,Beqaa Governorate,3,0,1,0,0,0,1,0,0,0,0,0,0,1
Mechref,Mount Lebanon Governorate,1,1,1,0,1,1,0,0,0,0,0,0,0,1
Mehmarch,Batroun District,0,1,0,0,1,0,1,0,0,0,0,0,0,1
Meimes,Hasbaya District,1,0,1,0,0,0,1,0,0,0,0,0,0,1
Meiss Ej-Jabal,Marjeyoun District,2,2,1,1,1,0,1,5,2,1,1,0,0,1
Mejdlaiya,Aley District,1,0,1,1,0,0,1,0,0,0,1,0,0,1
Mejdlaiya Zgharta,Zgharta District,0,0,0,1,0,0,1,7,0,1,0,0,0,1
Menneaa,Akkar Governorate,0,1,0,0,1,0,1,0,0,0,0,0,0,1
Meri,Hasbaya District,0,0,0,0,0,1,0,0,0,0,0,0,0,1
Merkebta,MiniyehâDanniyeh District,0,0,1,0,0,0,1,0,0,0,0,0,0,1
Merouahine,Tyre District,0,0,0,0,0,0,1,0,0,0,0,0,0,1
Merouaniyeh,Sidon District,0,1,0,1,1,0,1,4,0,0,2,0,0,1
Metrit,North Governorate,2,1,1,0,1,0,1,0,0,0,0,0,1,0
Mghairiyeh Ech-Chouf,Mount Lebanon Governorate,2,2,1,1,1,0,1,0,0,0,0,0,0,1
Mghayreh Jbeil,Byblos District,0,0,0,0,0,0,0,0,0,0,0,0,0,0
Mhaibib,Marjeyoun District,0,0,0,0,0,0,0,0,0,0,0,0,0,0
Mhaiydseh Rachaya,Beqaa Governorate,3,1,1,1,1,0,1,1,0,0,1,0,0,1
Mhammaret,Akkar Governorate,0,0,0,0,0,0,1,0,0,0,0,0,0,1
Mharbiyeh,South Governorate,1,1,1,0,1,0,1,0,0,0,0,0,1,0
Michmich Jbeil,Byblos District,25,0,1,1,0,0,1,2,1,0,3,1,0,1
Midane Jezzine,South Governorate,0,1,0,0,1,0,1,0,0,0,0,0,0,1
Mina ,"Tripoli District, Lebanon",0,0,0,0,0,1,0,0,0,0,0,0,0,1
Minie,MiniyehâDanniyeh District,1,3,1,1,1,1,0,22,3,2,5,1,0,1
Minyara,Akkar Governorate,0,0,0,1,0,1,0,6,2,1,2,0,0,1
Miriata,Zgharta District,0,0,0,1,0,0,1,4,0,0,2,2,0,1
Miyeh ou Miyeh,Sidon District,0,0,0,1,0,0,1,2,0,0,2,0,0,1
Miziara,Zgharta District,1,1,1,1,1,0,1,1,0,0,1,0,0,1
Mjaydel Jezzine,South Governorate,0,1,0,0,1,0,1,0,0,0,0,0,0,1
Mlikh,South Governorate,0,1,0,0,1,0,1,0,0,0,0,0,0,1
Mohtaqra,Mount Lebanon Governorate,0,0,0,0,0,0,0,0,0,0,0,0,0,0
Moqaylbeh,Akkar Governorate,0,1,0,0,1,0,1,0,0,0,0,0,0,1
Moqraq,Baalbek-Hermel Governorate,0,1,0,0,1,0,1,0,0,0,0,0,0,1
Moshrea,Matn District,0,0,0,0,0,0,1,0,0,0,0,0,1,0
Motel,MiniyehâDanniyeh District,0,0,0,0,0,0,1,0,0,0,0,0,0,1
Mouanse,Akkar Governorate,0,0,0,0,0,0,1,0,0,0,0,0,0,1
Moukhtara,Mount Lebanon Governorate,1,0,1,0,0,0,1,0,0,0,0,0,0,1
Mounjez,Akkar Governorate,1,1,1,1,1,1,0,0,0,0,1,0,0,1
Mounsef,Byblos District,0,0,0,0,0,0,0,0,0,0,0,0,0,0
Mqaiteaa,Akkar Governorate,0,2,0,1,1,0,1,1,1,0,2,0,0,1
Mrah El-Hbasse,South Governorate,0,1,0,0,1,0,1,0,0,0,0,0,1,0
Mrah Es-Sfire,MiniyehâDanniyeh District,0,0,0,0,0,0,1,0,0,0,0,0,0,1
Mrah Es-Srayj,MiniyehâDanniyeh District,0,1,0,0,1,0,1,0,0,0,0,0,0,1
Mrah Ez Ziyat,Batroun District,1,1,1,0,1,0,1,0,0,0,0,0,1,0
Mrah Kwakh,Akkar Governorate,0,0,0,0,0,0,1,0,0,0,0,0,0,1
Mraijat,Aley District,0,0,0,0,0,0,1,0,0,0,0,0,0,1
Mrayjat Zahleh,ZahlÃ© District,0,1,0,0,1,0,1,0,0,0,0,0,1,0
Mristi,Mount Lebanon Governorate,0,0,0,0,0,0,1,0,0,0,0,0,0,1
Mrouj,Matn District,2,1,1,1,1,0,1,2,0,0,0,0,0,1
Mtayleb,Matn District,2,3,1,0,1,0,1,0,0,0,0,0,0,1
Mtolleh,Mount Lebanon Governorate,1,0,1,0,0,0,1,0,0,0,0,0,0,1
Mzraat Kefraya,Zgharta District,0,0,0,0,0,0,1,0,0,0,0,0,1,0
Nabatiyeh,Nabatieh Governorate,3,1,1,1,1,1,0,22,3,5,5,10,0,1
Nabatiyeh El-Faouka,Nabatieh Governorate,3,2,1,0,1,0,1,0,0,0,0,0,0,1
Nabay,Matn District,0,0,0,0,0,0,0,0,0,0,0,0,0,0
Nabha Ed-Damdoum,Baalbek-Hermel Governorate,0,0,0,0,0,0,1,0,0,0,0,0,0,1
Nabha Mehfara,Baalbek-Hermel Governorate,0,1,0,0,1,0,1,0,0,0,0,0,0,1
Nabha Qoudam,Baalbek-Hermel Governorate,0,0,0,0,0,0,1,0,0,0,0,0,0,1
Nabi Ayla,ZahlÃ© District,0,0,0,0,0,0,0,0,0,0,0,0,0,0
Nabi Chit,Baalbek-Hermel Governorate,1,2,1,1,1,0,1,6,1,0,2,2,0,1
Nabi Osmane,Baalbek-Hermel Governorate,1,0,1,1,0,0,1,3,0,0,2,0,0,1
Nahleh Baalbek,Baalbek-Hermel Governorate,0,0,0,1,0,0,1,0,0,0,1,0,0,1
Nahmeh,Mount Lebanon Governorate,0,0,0,0,0,0,0,0,0,0,0,0,0,0
Nahr Ibrahim,Byblos District,0,0,0,1,0,0,1,0,0,0,1,0,0,1
Najjariyeh,Sidon District,1,0,1,0,0,0,1,0,0,0,0,0,0,1
Nakhleh,North Governorate,0,1,0,0,1,0,1,0,0,0,0,0,0,1
Naoura El-Faouqa,Akkar Governorate,0,1,0,1,1,0,1,0,0,0,1,0,0,1
Nasriyet Zahleh,ZahlÃ© District,0,0,0,0,0,0,1,0,0,0,0,0,0,1
Nfisseh,Akkar Governorate,3,7,1,0,1,0,1,0,0,0,0,0,0,1
Niha El-Chouf,Mount Lebanon Governorate,0,0,0,1,0,0,1,0,0,0,1,0,0,1
Niha Zahleh,ZahlÃ© District,0,1,0,0,1,0,1,0,0,0,0,0,0,1
Nimrine,MiniyehâDanniyeh District,0,1,0,1,1,0,1,0,0,0,1,0,0,1
Nmairiyeh,Nabatieh Governorate,1,0,1,1,0,0,1,0,0,0,1,0,0,1
Ouada,Akkar Governorate,0,0,0,0,0,0,1,0,0,0,0,0,0,1
Ouadi Baanqoudaine,South Governorate,0,1,0,0,1,0,1,0,0,0,0,0,0,1
Ouadi Banhlay,Mount Lebanon Governorate,1,0,1,0,0,0,1,0,0,0,0,0,0,1
Ouadi Chahine,Matn District,1,1,1,0,1,0,1,0,0,0,0,0,1,0
Ouadi Chahrour El Aaoulia,Baabda District,0,1,0,0,1,0,1,0,0,0,0,0,0,1
Ouadi Chahrour Es-Soufla,Baabda District,0,0,0,0,0,0,1,0,0,0,0,0,0,1
Ouadi Ed-Deir,Mount Lebanon Governorate,2,0,1,0,0,0,1,0,0,0,0,0,1,0
Ouadi El-Haour,Akkar Governorate,0,0,0,0,0,0,1,0,0,0,0,0,1,0
Ouadi El-Karm El-Matn,Matn District,0,0,0,0,0,0,1,0,0,0,0,0,0,1
Ouadi El-Laymoun,South Governorate,0,1,0,0,1,0,1,0,0,0,0,0,0,1
Ouadi Es-Sitt,Mount Lebanon Governorate,1,0,1,0,0,0,1,0,0,0,0,0,0,1
Ouadi Faara,Hermel District,0,0,0,0,0,0,1,0,0,0,0,0,0,1
Ouadi Khaled,Akkar Governorate,4,1,1,0,1,0,1,0,0,0,0,0,0,1
Ouadi Nakhleh,"Tripoli District, Lebanon",0,0,0,1,0,0,1,0,0,0,2,0,0,1
Ouadi Qannoubine,Bsharri District,0,0,0,0,0,0,1,0,0,0,0,0,0,1
Ouardaniyeh,Mount Lebanon Governorate,1,0,1,0,0,0,1,0,0,0,0,0,0,1
Ouarhaniyeh,Mount Lebanon Governorate,2,0,1,0,0,0,1,0,0,0,0,0,0,1
Ouata El-Jaouz,Keserwan District,0,0,0,0,0,0,0,0,0,0,0,0,0,0
Qaa Baalbek,Baalbek-Hermel Governorate,2,1,1,1,1,0,1,3,0,0,2,0,0,1
Qaa Er-Rim,ZahlÃ© District,0,0,0,0,0,0,1,0,0,0,0,0,0,1
Qaaqaaiyet Ej-Jisr,Nabatieh Governorate,2,1,1,0,1,0,1,0,0,0,0,0,0,1
Qaaqaiyet Es-Snaoubar,Sidon District,0,0,0,0,0,0,0,0,0,0,0,0,0,0
Qaaqour,Matn District,1,1,1,1,1,0,1,0,0,0,1,0,0,1
Qabaait,Akkar Governorate,0,1,0,1,1,0,1,3,0,1,1,0,0,1
Qabb Elias,ZahlÃ© District,3,3,1,1,1,0,1,9,0,0,5,0,0,1
Qabrikha,Marjeyoun District,0,0,0,0,0,0,0,0,0,0,0,0,0,0
Qachlaq,Akkar Governorate,2,0,1,0,0,0,1,0,0,0,0,0,0,1
Qahmez,Byblos District,0,0,0,0,0,0,1,0,0,0,0,0,1,0
Qalaa,Baabda District,0,1,0,1,1,0,1,10,0,1,3,2,1,0
Qalamoun,"Tripoli District, Lebanon",0,1,0,0,1,0,1,0,0,0,0,0,0,1
Qalaouiyeh,Bint Jbeil District,0,0,0,0,0,0,1,0,0,0,0,0,0,1
Qalhat,North Governorate,0,0,0,0,0,0,1,0,0,0,0,0,0,1
Qannebet Salima,Matn District,0,0,0,0,0,1,0,0,0,0,0,0,0,1
Qantara,Marjeyoun District,2,2,1,1,1,0,1,0,0,0,1,0,0,1
Qantarat Aakkar,Akkar Governorate,0,0,0,0,0,0,0,0,0,0,0,0,0,0
Qanya,Akkar Governorate,1,1,1,0,1,0,1,0,0,0,0,0,0,1
Qaouzah,Bint Jbeil District,1,0,1,0,0,0,1,0,0,0,0,0,0,1
Qaraaoun,Western Beqaa District,0,1,0,0,1,0,1,0,0,0,0,0,0,1
Qarah Bach,Zgharta District,7,3,1,0,1,0,1,0,0,0,0,0,0,1
Qardaf,Akkar Governorate,0,0,0,0,0,0,0,0,0,0,0,0,0,0
Qarha,Akkar Governorate,1,0,1,1,0,0,1,0,0,0,1,0,0,1
Qarha Baalbek,Baalbek-Hermel Governorate,0,0,0,0,0,0,1,0,0,0,0,0,1,0
Qarhaiya,MiniyehâDanniyeh District,0,0,0,0,0,0,1,0,0,0,0,0,0,1
Qarsaita,MiniyehâDanniyeh District,0,1,0,1,1,0,1,0,0,0,1,0,0,1
Qartaba,Byblos District,0,1,0,1,1,0,1,0,0,1,0,0,0,1
Qaser,Hermel District,1,0,1,1,0,0,1,4,0,0,2,0,0,1
Qatrani,South Governorate,0,0,0,0,0,0,1,0,0,0,0,0,0,1
Qattineh-Miniyeh,MiniyehâDanniyeh District,1,1,1,0,1,0,1,0,0,0,0,0,0,1
Qaynour,Bsharri District,0,0,0,0,0,0,1,0,0,0,0,0,0,1
Qaytouleh,South Governorate,3,1,1,1,1,0,1,0,0,0,1,0,1,0
Qbaiyat Aakkar,Akkar Governorate,0,1,0,1,1,0,1,5,0,1,1,0,0,1
Qelaya,Western Beqaa District,0,0,0,1,0,0,1,0,0,0,1,0,0,1
Qennabet Broummana,Matn District,0,0,0,0,0,0,1,0,0,0,0,0,0,1
Qennarit,Sidon District,0,0,0,1,0,0,1,0,0,0,1,0,0,1
Qild Es Sabea,Baalbek-Hermel Governorate,0,0,0,0,0,0,1,0,0,0,0,0,0,1
Qlaiaa,Marjeyoun District,0,1,0,0,1,0,1,0,0,0,0,0,0,1
Qlaileh Harfoush,Baalbek-Hermel Governorate,0,0,0,0,0,0,0,0,0,0,0,0,0,0
Qlaileh Sour,Tyre District,1,2,1,1,1,0,1,3,0,0,2,0,0,1
Qleiaat Aakkar,Akkar Governorate,0,0,0,1,0,0,1,0,0,0,1,0,0,1
Qleiaat Kesrouane,Keserwan District,1,0,1,0,0,0,1,0,0,0,0,0,0,1
Qloud El-Baqieh,Akkar Governorate,0,0,0,0,0,0,1,0,0,0,0,0,0,1
Qmatiyeh,Aley District,0,1,0,1,1,0,1,3,1,0,1,1,0,1
Qnat,Bsharri District,0,0,0,1,0,0,1,0,0,0,1,0,0,1
Qobbayaa,Baabda District,1,1,1,1,1,1,0,0,0,0,1,0,0,1
Qornayel,Baabda District,0,0,0,1,0,0,1,0,0,1,0,0,0,1
Qornet Aakkar,Akkar Governorate,0,0,0,0,0,0,1,0,0,0,0,0,0,1
Qornet El-Hamra,Matn District,0,0,0,1,0,0,1,3,0,0,1,0,1,0
Qortada,Baabda District,0,0,0,0,0,0,1,0,0,0,0,0,0,1
Qoubber Chamra,Akkar Governorate,0,0,0,0,0,0,1,0,0,0,0,0,0,1
Qounaitra,Sidon District,0,0,0,0,0,0,1,0,0,0,0,0,0,1
Qoussaya,ZahlÃ© District,0,0,0,1,0,0,1,0,0,0,1,0,0,1
Qraine,MiniyehâDanniyeh District,0,1,0,0,1,0,1,0,0,0,0,0,1,0
Qraiyat,Akkar Governorate,0,0,0,0,0,0,1,0,0,0,0,0,0,1
Qraiyeh,Baabda District,1,1,1,1,1,0,1,1,0,0,0,0,0,1
Qraiyet Jlayse,Byblos District,0,0,0,0,0,0,1,0,0,0,0,0,1,0
Qraiyet Saida,Sidon District,0,1,0,1,1,0,1,4,0,0,1,0,0,1
Qsaibet En-Nabatiyeh,Nabatieh Governorate,1,1,1,0,1,0,1,0,0,0,0,0,0,1
Qsarnaba,Baalbek-Hermel Governorate,1,0,1,1,0,0,1,4,0,0,1,0,0,1
Raachine,Keserwan District,0,0,0,1,0,0,1,0,0,0,1,0,0,1
Raait,ZahlÃ© District,0,0,0,0,0,0,1,0,0,0,0,0,0,1
Rabb Et-Tlatine,Marjeyoun District,1,1,1,0,1,0,1,0,0,0,0,0,0,1
Rabieh,Matn District,0,1,0,1,1,0,1,1,0,1,1,1,0,1
Rachaaine,Zgharta District,0,0,0,1,0,0,1,1,0,0,1,0,0,1
Rachaf,Bint Jbeil District,2,1,1,1,1,0,1,0,0,0,1,0,0,1
Rachaiya El-Foukhar,Hasbaya District,1,1,1,1,1,0,1,0,0,0,2,0,0,1
Rachaya El Wadi,Beqaa Governorate,0,1,0,1,1,1,0,5,0,1,1,1,0,1
Rafid Rachaya,Beqaa Governorate,2,0,1,1,0,0,1,3,0,0,1,0,0,1
Rahbeh,Akkar Governorate,1,0,1,1,0,0,1,2,1,0,2,1,0,1
Ram,Baalbek-Hermel Governorate,0,0,0,0,0,0,1,0,0,0,0,0,0,1
Ramlieh,Aley District,0,0,0,0,0,0,1,0,0,0,0,0,0,1
Ramyet Bent Jbeil,Bint Jbeil District,0,0,0,1,0,1,0,0,0,0,0,0,0,1
Ras Baalbek Ech-Charqi,Baalbek-Hermel Governorate,0,1,0,1,1,0,1,3,0,1,2,0,0,1
Ras El Matn,Baabda District,0,0,0,0,0,0,0,0,0,0,0,0,0,0
Ras El-Href,Baabda District,0,0,0,0,0,0,1,0,0,0,0,0,0,1
Ras Kifa,Zgharta District,0,0,0,0,0,0,1,0,0,0,0,0,0,1
Ras Masqa,North Governorate,2,0,1,1,0,0,1,10,0,2,1,0,0,1
Rasha,Batroun District,0,0,0,0,0,0,1,0,0,0,0,0,0,1
Rashana,Batroun District,0,0,0,0,0,0,1,0,0,0,0,0,1,0
Rawda Bekaa,Western Beqaa District,0,0,0,0,0,0,1,0,0,0,0,0,0,1
Rawda Village,MiniyehâDanniyeh District,0,1,0,0,1,0,1,0,0,0,0,0,0,1
Rayfoun,Keserwan District,0,1,0,1,1,0,1,3,0,0,1,0,0,1
Rechdibbine,North Governorate,0,1,0,0,1,1,0,0,0,0,0,0,0,1
Richmaiya,Aley District,0,0,0,1,0,0,1,0,0,0,1,0,0,1
Rihan Jezzine,South Governorate,0,0,0,1,0,0,1,0,1,0,0,0,0,1
Rihana,Byblos District,0,0,0,0,0,0,1,0,0,0,0,0,1,0
Rihaniyet Aakkar,Akkar Governorate,0,0,0,1,0,0,1,0,0,0,0,0,0,1
Rihaniyet Minie,MiniyehâDanniyeh District,0,0,0,0,0,0,1,0,0,0,0,0,0,1
Rijmeh,Aley District,0,0,0,0,1,0,1,0,0,0,0,0,0,1
Rimat,South Governorate,0,0,0,0,0,0,1,0,0,0,0,0,1,0
Rimhala,Aley District,0,0,0,1,0,0,1,6,0,1,0,0,0,1
Rmadiyeh,Tyre District,0,0,0,0,0,0,1,0,0,0,0,0,0,1
Rmaich,Bint Jbeil District,0,0,0,0,0,0,0,0,0,0,0,0,0,0
Rmeilet Ech-Chouf,Mount Lebanon Governorate,0,0,0,1,0,0,1,2,0,0,1,0,0,1
Rouayssrt El-Ballout,Baabda District,1,1,1,1,1,0,1,0,0,0,1,0,0,1
Roum,South Governorate,1,0,1,1,0,0,1,1,0,0,1,0,0,1
Roumieh,Matn District,0,1,0,0,1,0,1,0,0,0,0,0,0,1
Roumine,Nabatieh Governorate,1,1,1,0,1,0,1,0,0,0,0,0,0,1
Saadine,Akkar Governorate,0,0,0,0,0,0,1,0,0,0,0,0,0,1
Saadnayel,ZahlÃ© District,4,0,1,1,0,0,1,10,0,0,4,0,0,1
Saaideh,Baalbek-Hermel Governorate,0,0,0,0,0,0,0,0,0,0,0,0,0,0
Sabbah,South Governorate,0,1,0,0,1,0,1,0,0,0,0,0,0,1
Sadiqine,Tyre District,0,2,0,1,1,0,1,4,1,0,2,2,0,1
Safad Al-Battikh,Bint Jbeil District,0,0,0,0,0,0,0,0,0,0,0,0,0,0
Safra Kesrouane,Keserwan District,0,2,0,1,1,0,1,3,0,0,1,0,0,1
Saghbine,Western Beqaa District,0,0,1,0,0,0,1,0,0,0,0,0,0,1
Sahle,Akkar Governorate,0,0,0,0,0,0,1,0,0,0,0,0,0,1
Saida,Sidon District,7,7,1,1,1,1,0,35,9,7,21,5,0,1
Saksakiyeh,Sidon District,0,0,0,1,0,0,1,0,0,1,1,0,0,1
Salhiyet Saida,Sidon District,2,1,1,0,1,0,1,0,0,0,0,0,0,1
Salima Baabda,Baabda District,0,1,0,1,1,0,1,0,0,0,1,0,0,1
Sammaqiyeh,Akkar Governorate,0,0,0,0,0,0,1,0,0,0,0,0,0,1
Sanaya,South Governorate,0,0,0,0,0,0,0,0,0,0,0,0,0,0
Saouanet Marjayoun,Marjeyoun District,1,0,1,0,0,0,1,0,0,0,0,0,0,1
Saoufar,Aley District,0,0,0,0,0,0,0,0,0,0,0,0,0,0
Sarafand,Sidon District,0,0,0,0,0,0,0,0,0,0,0,0,0,0
Sarba En-Nabatieh,Nabatieh Governorate,2,1,1,0,1,0,1,0,0,0,0,0,0,1
Sariita,Byblos District,0,1,0,0,1,0,1,0,0,0,0,0,0,1
Sarin Fawqa,Baalbek-Hermel Governorate,4,0,1,1,0,0,1,6,0,0,1,0,0,1
Sayssouq,Akkar Governorate,0,0,0,0,0,0,1,0,0,0,0,0,1,0
Sebaal Zgharta,Zgharta District,0,1,0,0,1,0,1,0,0,0,0,0,0,1
Sehjoud,Hermel District,1,0,1,0,0,0,1,0,0,0,0,0,0,1
Selaa,Tyre District,0,0,0,0,0,0,1,0,0,0,0,0,0,1
Selaata,Batroun District,0,0,0,1,0,1,0,0,0,0,1,0,0,1
Selfaya,Aley District,0,1,0,0,1,0,1,0,0,0,0,0,0,1
Semqaniyeh,Mount Lebanon Governorate,0,0,0,0,0,0,0,0,0,0,0,0,0,0
Seraal,Zgharta District,0,0,0,0,0,0,1,0,0,0,0,0,0,1
Serraaine Et-Tahta,Baalbek-Hermel Governorate,0,0,0,0,0,0,1,0,0,0,0,0,1,0
Sfaray,South Governorate,0,0,0,1,0,0,1,0,0,0,1,0,0,1
Sfaynet El-Qaitaa,Akkar Governorate,0,0,0,0,0,0,1,0,0,0,0,0,0,1
Sfinet Ed-Draib,Akkar Governorate,0,0,0,0,0,0,1,0,0,0,0,0,0,1
Sfireh,MiniyehâDanniyeh District,0,2,0,1,1,0,1,0,0,0,1,0,0,1
Shawagheer El-Faouqa,Hermel District,2,0,1,0,0,0,1,0,0,0,0,0,0,1
Shayleh Kesrouane,Keserwan District,0,0,0,0,0,1,0,0,0,0,0,0,0,1
Sibline,Mount Lebanon Governorate,0,0,0,1,0,0,1,12,0,1,0,0,0,1
Sindianet Zeidane,Akkar Governorate,0,0,0,0,0,0,1,0,0,0,0,0,0,1
Sini,Nabatieh Governorate,0,0,0,0,0,0,0,0,0,0,0,0,0,0
Sinn El-Fil,Matn District,0,2,0,1,1,1,0,25,1,3,3,2,0,1
Sir Ed-Danniyeh,MiniyehâDanniyeh District,0,0,0,0,0,0,0,0,0,0,0,0,0,0
Sir El-Gharbiyeh,Nabatieh Governorate,0,1,0,1,1,0,1,2,0,0,1,0,0,1
Sirhmoul,Aley District,2,2,1,1,1,0,1,3,0,2,3,0,0,1
Sirjbal,Mount Lebanon Governorate,2,2,1,0,1,0,1,0,0,0,0,0,1,0
Sohmor,Western Beqaa District,2,1,1,1,1,0,1,4,0,1,1,0,0,1
Soltan Yacoub el Aradi,Western Beqaa District,0,0,0,1,0,0,1,1,0,0,1,0,0,1
Souairi,Western Beqaa District,0,0,0,1,0,0,1,0,0,0,1,0,0,1
Souaisset Aakkar,Akkar Governorate,0,0,0,0,0,0,1,0,0,0,0,0,0,1
Soufaileh,Matn District,0,0,0,0,0,0,1,0,0,0,0,0,0,1
Soultaniyet Bent Jbeil,Bint Jbeil District,0,1,0,0,1,0,1,0,0,0,0,0,0,1
Souq El-Gharb,Aley District,0,0,0,0,0,0,0,0,0,0,0,0,0,0
Sour,Tyre District,0,0,0,1,0,0,1,0,0,0,0,0,0,0
Srar,Akkar Governorate,0,0,0,0,0,0,1,0,0,0,0,0,0,1
Srayri,South Governorate,0,0,0,0,0,0,1,0,0,0,0,0,0,1
Srifa,Tyre District,1,2,1,1,1,0,1,4,0,0,1,0,0,1
Srobbine,Bint Jbeil District,0,0,0,0,0,0,0,0,0,0,0,0,0,0
Taaid,South Governorate,0,2,0,0,1,0,1,0,0,0,0,0,1,0
Taalbaya,ZahlÃ© District,1,0,1,0,0,0,1,0,0,0,0,0,0,1
Taazaniyeh,Aley District,0,0,0,0,0,0,1,0,0,0,0,0,0,1
Tabarja,Keserwan District,0,0,0,0,0,0,0,0,0,0,0,0,0,0
Tahouitat El Ghadir,Baabda District,0,0,0,0,0,0,0,0,0,0,0,0,0,0
Taibet Baalbek,Baalbek-Hermel Governorate,0,0,0,0,0,0,1,0,0,0,0,0,0,1
Tal Aabbas,Akkar Governorate,0,0,0,0,0,0,1,0,0,0,0,0,0,1
Talia,Baalbek-Hermel Governorate,1,0,1,1,0,0,1,1,0,0,1,0,0,1
Tall Aabbas Ech-Charqi,Akkar Governorate,1,3,1,1,1,0,1,2,0,0,3,0,0,1
Tall Bireh,Akkar Governorate,0,1,0,0,1,0,1,0,0,0,0,0,0,1
Tall Hmayra,Akkar Governorate,0,0,0,0,0,0,1,0,0,0,0,0,0,1
Tall Meaayan Tall Kiri,Akkar Governorate,0,2,1,1,1,0,1,0,0,0,1,0,0,1
Tall Znoub,Western Beqaa District,1,1,1,0,1,0,1,0,0,0,0,0,1,0
Tallet Chattaha,Akkar Governorate,0,0,0,0,0,0,1,0,0,0,0,0,0,1
Talloussa,Marjeyoun District,2,1,1,0,1,0,1,0,0,0,0,0,0,1
Tanbourit,Sidon District,2,1,1,1,1,0,1,0,0,0,1,0,0,1
Tannoura,Beqaa Governorate,2,2,1,1,1,0,1,9,1,2,2,1,0,1
Tannourine El-Faouqa,Batroun District,3,3,1,1,1,0,1,1,2,1,1,0,0,1
Taraiya,Baalbek-Hermel Governorate,0,0,0,1,0,0,1,0,0,0,1,0,0,1
Tarchich,Baabda District,0,0,0,0,0,0,1,0,0,0,0,0,0,1
Tartij,Byblos District,0,0,0,1,0,0,1,0,0,0,1,0,0,1
Tawfiqiya,Baalbek-Hermel Governorate,0,0,0,1,0,0,1,3,0,0,1,0,0,1
Taybet Matjaayoun,Marjeyoun District,0,0,0,0,0,0,0,0,0,0,0,0,0,0
Tayr Debbeh,Tyre District,1,2,1,1,1,1,0,3,0,0,2,0,0,1
Tayr Falsay,Tyre District,0,0,0,1,0,0,1,1,0,0,1,0,0,1
Tayr Harfa,Tyre District,0,0,0,0,0,0,0,0,0,0,0,0,0,0
Teffahta,Sidon District,0,0,0,1,0,0,1,1,0,0,1,0,0,1
Temnine El-Faouqa,Baalbek-Hermel Governorate,2,1,1,1,1,0,1,6,0,0,0,0,0,1
Temnine Et-Tahta,Baalbek-Hermel Governorate,0,0,0,1,0,0,1,7,0,1,1,1,0,1
Terbol Zahleh,ZahlÃ© District,0,0,0,1,0,0,1,1,0,0,1,0,0,1
Thoum,Batroun District,0,0,0,0,0,0,1,0,0,0,0,0,0,1
Tibnine,Bint Jbeil District,0,1,0,1,1,0,1,5,0,1,1,1,0,1
Tikrit,Akkar Governorate,0,0,0,1,0,0,1,3,1,0,1,0,0,1
Tiri,Bint Jbeil District,0,0,0,0,0,0,0,0,0,0,0,0,0,0
Tleil,Akkar Governorate,0,0,0,0,0,0,1,0,0,0,0,0,0,1
Torbol Menie,MiniyehâDanniyeh District,0,0,0,0,0,0,1,0,0,0,0,0,0,1
Toula,Zgharta District,0,0,0,0,0,0,1,0,0,0,0,0,0,1
Toula El-Batroun,Batroun District,0,0,0,0,0,0,1,0,0,0,0,0,0,1
Touline,Marjeyoun District,2,2,1,1,1,0,1,1,0,0,2,0,0,1
Toura,Tyre District,0,1,0,1,1,0,1,0,1,0,0,0,0,1
Trablous ,"Tripoli District, Lebanon",0,11,1,1,1,1,0,108,11,12,43,60,0,1
Tshea,Akkar Governorate,0,0,0,0,0,0,1,0,0,0,0,0,0,1
Vidar,Byblos District,0,0,0,0,0,0,1,0,0,0,0,0,0,1
Wadi Jezzine,South Governorate,0,0,0,0,0,0,1,0,0,0,0,0,0,1
Yammouneh,Baalbek-Hermel Governorate,0,0,0,1,0,0,1,0,0,0,1,0,0,1
Yanouh Sour,Tyre District,1,1,1,0,1,0,1,0,0,0,0,0,0,1
Yanta,Beqaa Governorate,1,0,1,1,0,0,1,0,0,0,2,0,0,1
Yaroun,Bint Jbeil District,0,0,0,1,0,0,1,0,0,0,1,0,0,1
Yater,Bint Jbeil District,1,3,1,0,1,0,1,0,0,0,0,0,0,1
Yohmor En-Nabatiyeh,Nabatieh Governorate,3,6,1,1,1,0,1,0,0,0,2,0,0,1
Yohmor West Bekaa,Western Beqaa District,2,0,1,1,0,0,1,0,0,0,2,0,0,1
Younine,Baalbek-Hermel Governorate,0,0,0,0,0,0,0,0,0,0,0,0,0,0
Zaaitreh,Keserwan District,1,0,1,0,0,0,1,0,0,0,0,0,0,1
Zaarouriyeh,Mount Lebanon Governorate,1,2,1,0,1,0,1,0,0,0,0,0,0,1
Zabboud,Baalbek-Hermel Governorate,0,0,0,0,0,0,1,0,0,0,0,0,0,1
Zabbougha,Matn District,0,0,0,0,1,0,1,0,0,0,0,0,0,1
Zaghartaghrine,MiniyehâDanniyeh District,0,0,0,0,0,0,1,0,0,0,0,0,0,1
Zahleh El-Maallaqa,ZahlÃ© District,5,4,1,1,1,1,0,32,6,6,15,8,0,1
Zahra,Baalbek-Hermel Governorate,0,0,0,0,0,0,0,0,0,0,0,0,0,0
Zaitoun,Keserwan District,3,0,1,1,0,0,1,0,0,0,1,0,0,1
Zakrit,Matn District,0,0,0,1,0,0,1,2,0,0,0,0,0,1
Zakroun,North Governorate,2,1,1,0,1,1,0,0,0,0,0,0,0,1
Zalqa,Matn District,0,0,0,1,0,0,1,15,0,2,3,2,0,1
Zandouqa,Baabda District,0,0,0,0,0,0,1,0,0,0,0,0,0,1
Zaneh,Batroun District,0,1,0,0,1,0,1,0,0,0,0,0,0,1
Zaoutar Ech-Charqiyeh,Nabatieh Governorate,1,1,1,0,1,0,1,0,0,0,0,0,0,1
Zaoutar El-Gharbiyeh,Nabatieh Governorate,0,0,0,0,0,0,1,0,0,0,0,0,0,1
Zaraaoun,Matn District,0,0,0,1,0,0,0,0,0,0,0,0,0,0
Zebdine,Byblos District,0,0,0,0,0,0,1,0,0,0,0,0,0,1
Zebqine,Tyre District,0,0,0,0,0,0,0,0,0,0,0,0,0,0
Zefta,Nabatieh Governorate,1,0,1,0,0,0,1,0,0,0,0,0,0,1
Zeita,Sidon District,0,1,0,0,1,0,1,0,0,0,0,0,0,1
Zgharta-Ehden,Zgharta District,0,0,0,1,0,1,0,11,0,3,6,3,0,1
Zhilta,South Governorate,4,1,1,0,1,0,1,0,0,0,0,0,0,1
Zibdine En-Nabatiyeh,Nabatieh Governorate,1,0,1,0,0,0,1,0,0,0,0,0,0,1
Zighrine,Matn District,0,0,0,0,0,0,0,0,0,0,0,0,0,0
Zilaya,Western Beqaa District,0,0,0,0,0,0,1,0,0,0,0,0,0,1
Zouarib,Akkar Governorate,2,0,1,1,0,0,1,1,0,0,0,0,0,1
Zouk El-Kharab,Matn District,0,0,0,1,0,1,0,14,1,1,2,0,0,1
Zouk Mkayel,Keserwan District,0,1,0,1,1,0,1,23,0,0,3,1,0,1
Zouk Mousbeh,Keserwan District,1,0,1,0,0,0,1,0,0,0,0,0,0,1
Zouq El Hosniyeh,Akkar Governorate,0,0,0,0,0,0,1,0,0,0,0,0,0,1
Zouq El-Hadara,Akkar Governorate,0,1,0,1,1,0,1,2,0,0,0,0,0,1
Zouq El-Hbalsa,Akkar Governorate,0,0,0,0,0,0,1,0,0,0,0,0,1,0
Zrariyeh,Sidon District,1,1,1,1,1,1,0,4,4,0,1,2,0,1
Zrazeer,Baalbek-Hermel Governorate,1,0,1,0,0,0,1,0,0,0,0,0,0,1
aain Aalaq,Matn District,0,0,0,0,0,0,0,0,0,0,0,0,0,0
berqayel,Akkar Governorate,0,0,0,1,0,1,0,3,2,0,2,1,0,1
ebra wChouane,Keserwan District,0,1,0,0,1,0,1,0,0,0,0,0,1,0
hadtoun,Batroun District,0,0,0,0,0,0,1,0,0,0,0,0,0,1
jouar Hasheesh,Hermel District,0,0,0,0,0,0,1,0,0,0,0,0,0,1
mazboud,Mount Lebanon Governorate,1,1,1,1,1,0,1,7,1,2,0,1,0,1
shebaneye,Baabda District,1,2,1,0,1,0,1,0,0,0,0,0,0,1
tarane,MiniyehâDanniyeh District,0,0,0,0,0,0,1,0,0,0,0,0,0,1
yahchouch,Keserwan District,0,0,0,0,0,0,0,0,0,0,0,0,0,0
